Date,Open,High,Low,Close,Volume,"EMA(20,Modern)",LinearRegression(20),S-Score Open,S-Score High,S-Score Low,S-Score Close,MoneyFlow
3/2/2017,64.69,64.75,63.88,64.01,24539597,,NaN,-0.2528,1.0803,-0.4088,0.5553,1575769322
3/3/2017,63.99,64.28,63.62,64.25,18139405,,64.25,0.5624,1.7387,0.5624,0.9851,1161828890
3/6/2017,63.97,64.56,63.81,64.27,18750255,,64.30666667,0.6669,1.7293,0.107,0.4122,1204016374
3/7/2017,64.19,64.775,64.19,64.4,18520987,,64.411,0.8754,1.5047,0.2531,1.4813,1193770217
3/8/2017,64.26,65.085,64.25,64.99,21510907,,64.806,-1.916,-1.836,-3.146,-2.8305,1393369001
3/9/2017,65.19,65.2,64.48,64.73,19846832,,64.86666667,0.9696,2.4013,0.9243,1.6393,1286140870
3/10/2017,65.11,65.26,64.75,64.93,19538245,,64.98714286,1.3397,2.2378,0.7838,2.2225,1269595160
3/13/2017,65.01,65.195,64.57,64.71,20100035,,64.96416667,0.7086,1.1809,0.3991,0.9742,1302984769
3/14/2017,64.53,64.55,64.15,64.41,14280202,,64.83088889,1.1699,1.76,0.0503,1.3065,919216602.7
3/15/2017,64.55,64.92,64.25,64.75,24833810,,64.85345455,0.9746,2.1433,0.9564,1.7251,1605257478
3/16/2017,64.75,64.76,64.3,64.64,20674296,,64.83227273,0.7367,2.6198,0.5413,2.3331,1334870378
3/17/2017,64.91,65.24,64.68,64.87,49219686,,64.88269231,0.119,0.4533,-1.7164,-1.4193,3195834212
3/20/2017,64.91,65.175,64.72,64.93,14598083,,64.9356044,0.7866,1.5294,-0.8459,-0.2834,948023840.2
3/21/2017,65.19,65.5,64.13,64.21,26640480,,64.78971429,1.7874,2.5711,1.527,1.7544,1721330214
3/22/2017,64.12,65.14,64.12,65.03,20680015,,64.87241667,-0.9487,0.2493,-1.4677,-0.1513,1339306705
3/23/2017,64.94,65.235,64.765,64.87,19269203,,64.90095588,2.5372,2.5372,1.5231,1.6208,1251663196
3/24/2017,65.12,65.45,64.76,64.98,22617105,,64.94686275,-1.2538,-0.1637,-1.2538,-0.5099,1471544242
3/27/2017,64.63,65.22,64.35,65.1,18614662,,65.00812866,0.0265,0.8901,-0.1886,0.7206,1207905417
3/28/2017,64.96,65.47,64.65,65.29,20080358,,65.09494737,0.32,0.8688,0.2604,0.7078,1307967586
3/29/2017,65.12,65.5,64.9475,65.47,13604691,64.81133333,65.2,0.6604,1.3424,0.2205,0.2273,888465683
3/30/2017,65.42,65.98,65.36,65.71,15122823,64.89692063,65.30657143,1.0465,2.9775,0.7662,2.5201,993317424.1
3/31/2017,65.65,66.19,65.45,65.86,21040331,64.98864248,65.44071429,2.4601,2.7937,1.0838,1.0838,1385155124
4/3/2017,65.81,65.94,65.19,65.55,20400871,65.0421051,65.49628571,-0.2106,1.5405,-0.2115,1.3857,1337481103
4/4/2017,65.39,65.81,65.28,65.73,12997449,65.1076189,65.58,0.6974,0.7669,0.0994,0.4696,852719304.1
4/5/2017,66.3,66.35,65.4443,65.56,21448594,65.15070281,65.67214286,-0.6462,0.744,-0.6462,0.6774,1410990752
4/6/2017,65.6,66.055,65.48,65.73,18103453,65.20587398,65.76171429,0.6938,1.4038,0.4895,0.8455,1190392552
4/7/2017,65.85,65.96,65.44,65.68,14108533,65.25102883,65.84771429,0.7527,0.9556,-0.0022,0.1495,926836561.2
4/10/2017,65.61,65.82,65.36,65.53,17952742,65.27759752,65.87314286,-1.2036,0.2163,-1.2036,-0.3154,1177161293
4/11/2017,65.6,65.61,64.85,65.48,18791533,65.29687394,65.84757143,0.8519,0.9123,-0.4089,-0.2683,1227337659
4/12/2017,65.42,65.51,65.11,65.23,17108513,65.290505,65.79428571,-1.217,0.0701,-1.217,0.0232,1116900757
4/13/2017,65.29,65.86,64.95,64.95,17896483,65.25807595,65.67114286,0.0974,1.2511,-0.0742,1.185,1167805171
4/17/2017,65.04,65.49,65.01,65.48,16689265,65.27921157,65.665,-1.0263,-0.3313,-1.0263,-0.3387,1090254052
4/18/2017,65.33,65.71,65.16,65.39,15155611,65.28976285,65.63942857,0.1967,1.508,0.0991,1.0511,991480071.6
4/19/2017,65.65,65.75,64.89,65.04,26992771,65.26597591,65.47028571,1.0952,1.3254,-0.6411,0.0037,1760648476
4/20/2017,65.46,65.75,65.14,65.5,22299477,65.28826392,65.45671429,-0.933,0.6771,-1.0308,0.6742,1459798096
4/21/2017,65.67,66.7,65.45,66.4,32522645,65.39414355,65.58757143,1.2264,2.4019,0.5211,2.2889,2152457055
4/24/2017,67.48,67.66,67.1,67.53,29769976,65.59755845,65.91742857,0.4164,3.1318,0.413,2.9829,2007389482
4/25/2017,67.9,68.04,67.6,67.92,30106782,65.81874336,66.29528571,2.4868,3.2026,2.4868,3.0293,2042845515
4/26/2017,68.08,68.31,67.62,67.83,26190770,66.01029161,66.63514286,2.0308,2.3424,1.6325,1.9948,1778877098
4/27/2017,68.15,68.38,67.58,68.27,34970953,66.22550193,67.03842857,-0.1402,1.9771,-0.1411,1.6878,2380705910
4/28/2017,68.91,69.14,67.69,68.46,39548818,66.43831127,67.461,2.2495,3.0451,2.2495,2.4453,2706325616
5/1/2017,68.68,69.55,68.5,69.41,31954362,66.72132925,68.03571429,0.3291,1.544,0.2764,1.5215,2209750647
5/2/2017,69.71,69.71,69.13,69.3,23906119,66.96691694,68.50828571,1.0263,1.3874,0.7688,1.1767,1658606536
5/3/2017,69.38,69.38,68.71,69.08,28927973,67.16816294,68.90442857,0.7833,1.4036,0.4173,1.3445,1997669389
5/4/2017,69.03,69.08,68.64,68.81,21749409,67.32452838,69.18557143,-0.1461,0.0733,-0.7781,-0.6727,1497301814
5/5/2017,68.9,69.03,68.485,69,19128782,67.4840971,69.47257143,-1.4033,0.0744,-1.5854,-0.1749,1316793472
5/8/2017,68.97,69.05,68.42,68.94,18566087,67.62275452,69.69671429,-0.0262,-0.0262,-0.7506,-0.0426,1277408673
5/9/2017,68.86,69.28,68.68,69.04,22858414,67.75773028,69.87785714,-0.9504,-0.1561,-0.9526,-0.2041,1577230566
5/10/2017,68.99,69.56,68.92,69.31,17977830,67.90556549,70.054,-0.05,-0.05,-1.4325,-1.0273,1245204432
5/11/2017,68.36,68.73,68.12,68.46,28789413,67.95836878,69.99257143,-0.1918,-0.1646,-1.0864,-0.7245,1970251461
5/12/2017,68.61,68.61,68.04,68.38,18714123,67.99852413,69.84214286,-1.5797,-0.991,-1.6198,-1.4497,1278985546
5/15/2017,68.14,68.48,67.57,68.43,31530301,68.03961707,69.705,-1.6663,-1.5252,-2.5326,-2.5309,2149105316
5/16/2017,68.23,69.44,68.16,69.41,34956038,68.17012973,69.69871429,-1.5961,0.6441,-1.5986,0.4343,2412083142
5/17/2017,68.89,69.1,67.43,67.48,30548781,68.10440309,69.24157143,-0.3737,-0.3737,-1.4373,-1.0061,2077418937
5/18/2017,67.4,68.13,67.14,67.71,25201274,68.06684089,68.83828571,-1.3489,-0.6121,-1.764,-0.8466,1705118199
5/19/2017,67.5,68.095,67.43,67.69,26961119,68.03095128,68.48971429,0.7326,1.2429,0.4698,1.1507,1826301266
5/22/2017,67.89,68.5,67.5,68.45,16237550,68.07086069,68.37685714,-0.1509,0.4009,-0.1511,-0.0355,1106589032
5/23/2017,68.72,68.75,68.38,68.68,15425824,68.12887395,68.33257143,0.7355,1.5674,0.2706,1.5663,1058262946
5/24/2017,68.87,68.88,68.45,68.77,14666865,68.18993358,68.28514286,1.3481,1.7028,0.8465,0.9894,1007613625
5/25/2017,68.97,69.88,68.91,69.62,21854095,68.32613038,68.42614286,-0.238,1.5779,-0.3692,1.5756,1518203980
5/26/2017,69.8,70.22,69.52,69.96,19827923,68.48173701,68.63,1.3228,2.519,1.3136,1.8463,1385971818
5/30/2017,69.79,70.41,69.77,70.41,17072838,68.6653811,68.991,0.2123,1.6178,0.0342,1.4317,1198456318
5/31/2017,70.53,70.74,69.81,69.84,30436364,68.77724957,69.22085714,1.7163,2.2455,1.5633,1.9284,2134502207
6/1/2017,70.24,70.61,69.451,70.1,21603601,68.9032258,69.46928571,0.0403,0.2728,-0.4897,0.1581,1513411463
6/2/2017,70.44,71.86,70.24,71.76,34770261,69.17529953,69.98442857,0.2866,2.0594,0.2417,2.058,2478656006
6/5/2017,71.97,72.89,71.81,72.28,33316760,69.47098529,70.573,-1.3481,1.4402,-1.3481,1.3296,2409690195
6/6/2017,72.3,72.62,72.27,72.52,31511065,69.76136765,71.15328571,1.7867,1.9841,1.4165,1.5305,2283606881
6/7/2017,72.635,72.77,71.95,72.39,22301765,70.01171358,71.66828571,-0.138,0.3901,-1.1303,-0.8812,1613978733
6/8/2017,72.51,72.52,71.5,71.95,24588270,70.19631229,72.08071429,-1.0809,0.1602,-1.2005,0.1602,1770109557
6/9/2017,72.035,72.08,68.59,70.32,49187396,70.20809207,72.06771429,-0.3703,0.0585,-2.2658,-2.2658,3459349561
6/12/2017,69.25,69.94,68.13,69.78,47761743,70.1673214,71.91985714,0.3548,1.1424,0.0264,0.3003,3309092761
6/13/2017,70.02,70.82,69.96,70.65,25258614,70.21329079,71.91857143,-1.0841,-0.2742,-1.5123,-1.5123,1780142919
6/14/2017,70.91,71.1,69.43,70.27,25510685,70.21869167,71.913,-1.1713,-0.6503,-1.2839,-1.0998,1792550799
6/15/2017,69.27,70.21,68.8,69.9,26068709,70.18834008,71.63342857,-0.5154,0.3994,-0.8836,0.399,1815337999
6/16/2017,69.73,70.0252,69.22,70,48345085,70.17040293,71.36085714,-0.4617,0.3826,-0.4617,0.2274,3371992327
6/19/2017,70.5,70.945,70.35,70.87,23798268,70.23703122,71.21514286,0.9868,2.588,0.9833,2.4726,1683053177
6/20/2017,70.82,70.87,69.87,69.91,21512231,70.20588539,70.92171429,1.9404,2.0424,0.4927,0.5544,1510517153
6/21/2017,70.21,70.62,69.94,70.27,19891051,70.21199154,70.69728571,-0.3489,0.3704,-0.8264,0.2307,1397876761
6/22/2017,70.54,70.59,69.71,70.26,22965738,70.21656378,70.45728571,0.5812,1.3288,0.5477,1.1258,1611888598
6/23/2017,70.09,71.25,69.92,71.21,27617291,70.31117675,70.45742857,0.0758,0.5849,-0.0503,0.2924,1955120088
6/26/2017,71.4,71.71,70.445,70.53,19606974,70.33201706,70.34257143,-0.0236,0.9108,-0.0799,0.8125,1390036422
6/27/2017,70.11,70.18,69.18,69.21,25215128,70.22515829,70.01942857,1.1276,1.3579,-0.1356,0.0484,1753039749
6/28/2017,69.21,69.841,68.79,69.8,25806200,70.18466703,69.766,-0.133,1.3277,-0.133,1.3039,1792937357
6/29/2017,69.38,69.49,68.09,68.49,28918715,70.02327017,69.29585714,0.9641,1.0941,0.1767,0.1767,1986426533
6/30/2017,68.78,69.38,68.74,68.93,24161068,69.9191492,69.09642857,-0.3119,-0.1275,-1.0345,-0.1295,1667516376
7/3/2017,69.33,69.6,68.02,68.17,16165538,69.75256356,68.84828571,-0.8616,-0.1153,-1.5799,-0.3422,1108902022
7/5/2017,68.255,69.44,68.22,69.08,21176272,69.68850989,68.85185714,-0.6147,-0.4012,-1.1818,-0.9087,1459327491
7/6/2017,68.27,68.78,68.12,68.57,21117572,69.58198514,68.79685714,0.4235,0.4235,-0.7214,-0.7202,1446342506
7/7/2017,68.7,69.84,68.7,69.46,16878317,69.57036751,68.91771429,-1.2182,0.9447,-1.2182,0.9321,1170229979
7/10/2017,69.46,70.25,69.2,69.98,15014503,69.60938012,69.00771429,0.4405,1.3807,0.1044,1.3584,1048162454
7/11/2017,70,70.68,69.75,69.99,17460022,69.64562964,69.05042857,1.5084,1.777,0.7774,0.8805,1224645943
7/12/2017,70.69,71.28,70.55,71.15,17750925,69.788903,69.39257143,-0.2414,0.9488,-0.2425,0.5087,1260197335
7/13/2017,71.5,72.0399,71.31,71.77,20269816,69.97757891,69.80471429,1.1321,1.1321,-0.4091,-0.0762,1453480264
7/14/2017,72.24,73.27,71.96,72.78,25868086,70.24447616,70.346,0.3655,2.3945,-0.1257,2.3931,1879833810
7/17/2017,72.8,73.45,72.72,73.35,21803907,70.54024033,70.962,0.2732,2.0583,0.2627,2.0239,1595464555
7/18/2017,73.09,73.39,72.66,73.3,26435296,70.80307459,71.60785714,1.552,2.1969,-0.9321,-0.4178,1932860726
7/19/2017,73.5,74.04,73.45,73.86,22416222,71.09421034,72.227,-0.63,1.7194,-0.63,1.5279,1653943580
7/20/2017,74.18,74.3,73.28,74.22,42361025,71.39190459,72.89257143,0.7615,3.0768,0.7615,3.0733,3131891782
7/21/2017,73.45,74.29,73.17,73.79,46717082,71.62029463,73.42085714,4.0069,4.0069,3.417,3.417,3445384798
7/24/2017,73.53,73.75,73.13,73.6,21394826,71.808838,73.95842857,0.03,0.2197,-0.1116,0.0533,1572377079
7/25/2017,73.8,74.31,73.5,74.19,22018681,72.03561533,74.50342857,-0.2194,0.2057,-0.2589,0.2027,1629382394
7/26/2017,74.34,74.38,73.81,74.05,16252233,72.22746149,74.83814286,0.1603,0.2244,-0.1115,-0.1115,1203965421
7/27/2017,73.76,74.42,72.32,73.16,36844220,72.31627468,74.99742857,-0.4783,0.4352,-0.5024,0.4345,2700681326
7/28/2017,72.67,73.31,72.54,73.04,18306680,72.3852009,74.95542857,-0.1726,-0.1524,-0.85,-0.8498,1335716395
7/31/2017,73.3,73.44,72.41,72.7,23600054,72.41518177,74.82928571,-0.4368,-0.2397,-0.437,-0.3229,1719263934
8/1/2017,73.1,73.42,72.49,72.58,20823890,72.43087874,74.551,-0.6561,-0.1329,-0.7253,-0.4689,1516603909
8/2/2017,72.55,72.56,71.445,72.26,26499158,72.41460458,74.24128571,0.1037,0.2403,-0.1437,0.2361,1910280135
8/3/2017,72.19,72.44,71.845,72.15,18214424,72.38940414,73.81471429,-0.5036,-0.2935,-0.5351,-0.3865,1314079619
8/4/2017,72.4,73.04,72.24,72.68,22578952,72.41707994,73.52442857,0.0777,0.0777,-0.5206,-0.4264,1640436126
8/7/2017,72.8,72.9,72.26,72.4,18705681,72.41545328,73.18814286,-0.4679,-0.1727,-0.468,-0.2044,1356535986
8/8/2017,72.09,73.13,71.75,72.79,22044587,72.45112439,72.89071429,-0.2473,-0.1505,-0.3618,-0.2223,1599481751
8/9/2017,72.25,72.51,72.05,72.47,22213410,72.45292207,72.60985714,-0.2847,-0.0927,-0.4216,-0.1676,1606992124
8/10/2017,71.9,72.19,71.35,71.41,24734461,72.35359616,72.17528571,0.1315,0.2391,-2.2423,-2.1954,1772224131
8/11/2017,71.61,72.7,71.28,72.5,21443675,72.36753938,72.04928571,-1.7787,0.5645,-1.7787,0.5607,1547375588
8/14/2017,73.06,73.72,72.95,73.59,20096592,72.4839642,72.18671429,-0.5434,0.1642,-1.2838,-1.1882,1475491785
8/15/2017,73.59,73.59,73.04,73.22,19181402,72.55406285,72.247,-1.1943,1.2034,-1.5719,0.9642,1405677077
8/16/2017,73.34,74.1,73.17,73.65,18150402,72.65843782,72.44428571,1.0185,1.1089,-0.9381,-0.8501,1336595603
8/17/2017,73.58,73.87,72.4,72.4,22977519,72.63382469,72.44842857,-0.8538,-0.3009,-1.4178,-0.9955,1674831360
8/18/2017,72.27,72.84,71.93,72.49,18761491,72.6201271,72.45228571,-1.7538,-0.5062,-2.1042,-0.5062,1358707178
8/21/2017,72.47,72.48,71.7,72.15,17734767,72.57535309,72.39257143,-0.7628,-0.0765,-1.3612,-0.0789,1278854048
8/22/2017,72.35,73.24,72.35,73.16,14343674,72.63103375,72.60014286,0.3367,0.8967,-0.8258,0.3705,1045892896
8/23/2017,72.96,73.15,72.53,72.72,13766507,72.63950673,72.72671429,0.9893,1.5974,0.2629,0.2629,1002201710
8/24/2017,72.74,72.86,72.07,72.69,17098282,72.64431561,72.77771429,0.6298,1.4954,0.3579,1.2842,1240309376
8/25/2017,72.86,73.35,72.48,72.82,12794301,72.66104746,72.84757143,0.405,1.0316,0.2196,0.4815,932491304.6
8/28/2017,73.06,73.09,72.55,72.83,14569715,72.67713817,72.88842857,-0.3796,0.988,-0.3796,-0.1792,1061015212
8/29/2017,72.25,73.16,72.05,73.05,11478382,72.71264882,72.95628571,0.9068,2.0239,0.8217,1.8646,835090551.8
8/30/2017,73.01,74.2099,72.8293,74.01,16897801,72.83620608,73.16371429,1.5377,2.3439,1.2795,2.1951,1245081798
8/31/2017,74.03,74.96,73.8,74.77,27652811,73.02037693,73.47628571,-0.5157,0.1792,-1.9755,-0.1764,2060410948
9/1/2017,74.71,74.74,73.64,73.94,21736161,73.10796008,73.65028571,-0.928,-0.6639,-2.5078,-2.4253,1610794438
9/5/2017,73.34,73.89,72.98,73.61,22242384,73.1557734,73.717,0.2938,0.2938,-1.5077,-0.2932,1634666941
9/6/2017,73.74,74.04,73.35,73.4,16535785,73.17903308,73.76642857,-0.0954,0.9363,-0.7583,-0.6299,1216978657
9/7/2017,73.68,74.6,73.6,74.34,17471200,73.28960136,73.94971429,-0.405,2.221,-0.7952,2.0764,1296013616
9/8/2017,74.33,74.44,73.84,73.98,14703816,73.35535361,73.93342857,1.6962,1.6962,-0.4157,-0.1097,1089356715
9/11/2017,74.31,74.945,74.31,74.76,17910383,73.48912946,74.13428571,0.6271,2.0473,0.6155,1.9556,1337398149
9/12/2017,74.76,75.24,74.37,74.68,14394850,73.6025457,74.397,1.1916,2.4953,0.822,2.2639,1076206969
9/13/2017,74.93,75.23,74.55,75.21,13380802,73.75563658,74.70557143,1.3781,1.8323,0.9641,0.9641,1003515547
9/14/2017,75,75.49,74.52,74.77,15733914,73.85224262,74.947,0.0156,0.5208,-0.7475,0.3415,1178889730
9/15/2017,74.83,75.39,74.07,75.31,38578441,73.99107666,75.14771429,0.4467,2.1043,0.4462,1.3819,2890425395
9/18/2017,75.23,75.97,75.04,75.16,23306959,74.10240269,75.288,0.6137,2.6592,0.596,2.4769,1757111639
9/19/2017,75.21,75.71,75.01,75.44,16093344,74.22979291,75.40814286,1.7065,1.7065,0.7508,1.3707,1213223560
9/20/2017,75.35,75.55,74.31,74.94,21587878,74.29743168,75.48942857,0.7399,0.9843,-0.5605,-0.2335,1617651658
9/21/2017,75.11,75.24,74.11,74.21,19186140,74.28910486,75.36571429,-0.4367,1.0557,-0.5307,0.8601,1429751153
9/22/2017,73.99,74.51,73.85,74.41,14111365,74.30061868,75.25485714,-0.0377,1.1002,-0.1365,0.1036,1047862927
9/25/2017,74.09,74.25,72.92,73.26,24149163,74.20151214,74.91885714,-0.5474,1.7303,-0.9164,1.2662,1774400000
9/26/2017,73.67,73.81,72.99,73.26,18019577,74.11184432,74.57757143,0.3769,0.4917,-2.9534,-1.1724,1321796038
9/27/2017,73.55,74.17,73.17,73.85,19565135,74.08690676,74.36171429,-2.5897,-0.8659,-2.6038,-1.6567,1442537404
9/28/2017,73.54,73.97,73.31,73.87,10883787,74.06624897,74.23414286,0.6811,1.1216,0.4613,0.7237,802316498.4
9/29/2017,73.94,74.535,73.88,74.49,17079114,74.10660622,74.29971429,0.0654,1.1339,-0.028,0.9342,1269006635
10/2/2017,74.71,75.01,74.295,74.61,15304762,74.15454848,74.30857143,-0.0234,0.9648,-0.3314,-0.3314,1142321928
10/3/2017,74.67,74.88,74.195,74.26,12190403,74.16459148,74.20985714,-1.0524,-0.6303,-1.6097,-1.1274,907514551.3
10/4/2017,74,74.72,73.71,74.69,13317681,74.21463039,74.16071429,0.6082,0.6082,-0.8341,-0.1726,990480328.2
10/5/2017,75.22,76.12,74.96,75.97,21195261,74.38180845,74.42485714,2.1926,3.559,2.182,3.5521,1604128003
10/6/2017,75.67,76.03,75.54,76,13959814,74.53592193,74.63528571,2.4287,2.6222,1.0287,1.0287,1058944957
10/9/2017,75.97,76.55,75.86,76.29,11386502,74.70297698,74.94871429,-0.1243,0.6438,-0.1335,0.0622,868031002.5
10/10/2017,76.33,76.63,76.14,76.29,13944545,74.85412203,75.23228571,-0.6095,0.3603,-0.8755,0.3463,1064712493
10/11/2017,76.36,76.46,75.95,76.42,15388898,75.00325327,75.57,-0.7186,0.0313,-0.9446,-0.4449,1173813843
10/12/2017,76.49,77.29,76.37,77.12,16876538,75.20484819,75.97642857,0.6644,2.4955,0.6644,2.4424,1298255813
10/13/2017,77.59,77.87,77.29,77.49,15335742,75.4224817,76.472,1.3376,1.9136,0.686,0.8315,1189286792
10/16/2017,77.42,77.81,77.35,77.65,12380093,75.6346263,76.95114286,-0.2347,0.2393,-0.237,-0.0833,960736483.8
10/17/2017,77.47,77.62,77.25,77.59,16823989,75.82085237,77.41157143,-0.1208,1.2736,-0.1585,0.2427,1303634828
10/18/2017,77.67,77.85,77.37,77.61,13300701,75.99124738,77.795,0.8721,2.2457,0.7771,1.0804,1032267405
10/19/2017,77.57,77.93,77.35,77.91,15092758,76.17398572,78.123,-0.4975,0.9568,-1.3157,0.9496,1173160079
10/20/2017,78.32,78.97,78.22,78.81,22866426,76.4250347,78.58528571,0.7922,2.2397,0.7922,1.7155,1798825512
10/23/2017,78.99,79.34,78.76,78.83,20627173,76.65407902,78.87342857,-0.0432,2.1247,-0.0432,1.9196,1629065366
10/24/2017,78.9,79.2,78.46,78.86,17517182,76.86416673,79.08757143,-0.5052,0.8707,-0.8254,0.1051,1381054629
10/25/2017,78.58,79.1,78.01,78.63,20410808,77.03234133,79.238,1.2942,1.4666,-0.111,1.463,1603881293
10/26/2017,79.2,79.42,78.75,78.76,32120717,77.19688025,79.34628571,1.6368,3.346,1.6264,3.2023,2536787160
10/27/2017,84.37,86.2,83.61,83.81,71066729,77.82670118,80.38457143,4.143,4.1433,3.7896,3.8048,6007981270
10/30/2017,83.7,84.325,83.105,83.89,31756653,78.40415821,81.31657143,-0.0444,0.0053,-0.1271,-0.0928,2660360677
10/31/2017,84.36,84.36,83.11,83.18,27086575,78.85900028,81.94914286,-0.0688,0.1492,-0.0766,0.0491,2263083341
11/1/2017,83.68,83.76,82.88,83.18,22307371,79.27052407,82.49728571,-0.4787,-0.4787,-0.7201,-0.5351,1857609141
11/2/2017,83.35,84.46,83.12,84.05,23992945,79.72571225,83.21371429,-0.4699,-0.2852,-0.609,-0.2906,2012448250
11/3/2017,84.08,84.54,83.4,84.14,17633543,80.14612061,83.83442857,-0.2393,-0.1216,-0.3914,-0.3914,1481687840
11/6/2017,84.2,84.7,84.0825,84.47,19860852,80.55791864,84.42914286,-0.406,-0.2821,-0.451,-0.3371,1676603474
11/7/2017,84.77,84.9,83.93,84.27,17939727,80.9114502,84.86985714,-0.1607,0.1611,-0.1636,0.1441,1513514968
11/8/2017,84.14,84.61,83.83,84.56,18034170,81.25893114,85.26342857,-0.2324,-0.2069,-0.4248,-0.2868,1520881670
11/9/2017,84.11,84.27,82.9,84.09,21178356,81.52855674,85.52342857,-0.1568,0.1538,-0.4059,0.101,1773757910
11/10/2017,83.79,84.095,83.23,83.87,19397793,81.75155134,85.68,-0.5192,-0.2231,-0.5194,-0.4235,1624209538
11/13/2017,83.66,83.94,83.46,83.93,14196896,81.95902264,85.77257143,-0.0808,-0.0045,-0.2501,-0.1034,1189368624
11/14/2017,83.5,84.1,82.98,84.05,18801280,82.15816334,85.79171429,-0.5861,-0.1916,-0.6461,-0.3824,1573855149
11/15/2017,83.47,83.69,82.69,82.98,19383102,82.2364335,85.52185714,-0.116,0.2356,-0.116,0.1255,1611123438
11/16/2017,83.1,83.42,82.94,83.2,20962750,82.32820174,85.24614286,-0.1526,-0.0021,-0.8368,-0.551,1743821297
11/17/2017,83.12,83.12,82.24,82.4,22078993,82.33503967,84.83628571,-0.1583,0.8244,-0.4717,0.2232,1823430435
11/20/2017,82.4,82.59,82.25,82.53,16314978,82.35360732,84.40128571,-0.0047,1.345,-0.0509,0.0658,1345278703
11/21/2017,82.74,83.84,82.74,83.72,21237454,82.48373995,84.13742857,-1.1506,-0.7765,-2.2635,-1.3543,1771911579
11/22/2017,83.83,83.9,83.04,83.11,20553089,82.54338377,83.66785714,-0.1005,0.9653,-0.1351,0.8432,1713099968
11/24/2017,83.01,83.43,82.78,83.26,7197034,82.61163293,83.17514286,-1.709,-1.3257,-1.8604,-1.7305,598481357.3
11/27/2017,83.31,83.98,83.3,83.87,18265242,82.73147742,83.23642857,1.393,2.7127,1.2231,2.2924,1529105176
11/28/2017,84.07,85.06,84.02,84.88,21925959,82.93609861,83.49242857,0.4652,2.3172,0.4567,2.171,1856105516
11/29/2017,84.71,84.9172,83.175,83.34,27381109,82.97456541,83.37728571,1.8731,1.8731,-0.0427,1.0418,2294830825
11/30/2017,83.51,84.52,83.34,84.17,33054647,83.08841633,83.414,0.8052,1.9881,0.3768,1.9055,2776920894
12/1/2017,83.6,84.81,83.22,84.26,29532132,83.19999572,83.54028571,-0.1919,-0.1523,-0.969,-0.5926,2483553861
12/4/2017,84.42,84.4299,80.7,81.08,39094880,82.99809137,83.082,1.0635,1.8823,-0.9532,-0.9532,3208515498
12/5/2017,81.34,82.68,80.9801,81.59,26152261,82.86398743,82.79514286,-0.0029,0.912,-0.312,0.6919,2137948208
12/6/2017,81.55,83.14,81.43,82.78,26162054,82.85598863,82.75042857,-0.1474,0.5008,-0.273,0.4309,2157061352
12/7/2017,82.54,82.8,82,82.49,23184547,82.82113257,82.70214286,1.2346,1.3911,0.3619,0.4788,1911102209
12/8/2017,83.63,84.58,83.33,84.16,24489106,82.94864375,82.94657143,0.6566,1.3271,0.1217,1.2331,2057656316
12/11/2017,84.29,85.37,84.12,85.23,22857854,83.16591577,83.36671429,-0.8002,1.0605,-1.189,0.5753,1940784190
12/12/2017,85.31,86.05,85.08,85.58,23924105,83.39582856,83.83842857,0.2495,1.7595,-0.0067,0.6582,2047185665
12/13/2017,85.74,86,85.17,85.35,22062679,83.58194012,84.25585714,0.1036,2.2381,0.0244,1.848,1886506139
12/14/2017,85.43,85.8739,84.53,84.69,19305961,83.68746964,84.42514286,2.4291,2.4291,0.8051,1.3891,1641610962
12/15/2017,85.26,87.09,84.88,86.85,53936687,83.988663,84.99314286,-1.2018,3.5307,-1.2018,3.5298,4653297776
12/18/2017,87.12,87.4999,86.23,86.38,22283752,84.21640938,85.34171429,-0.5655,0.0003,-0.5664,-0.1508,1932074835
12/19/2017,86.35,86.35,85.27,85.83,23524787,84.37008468,85.54428571,-0.4611,-0.3685,-2.5901,-2.2539,2018818804
12/20/2017,86.2,86.3,84.71,85.52,23674931,84.47960043,85.76114286,-2.2728,-0.4071,-2.3025,-0.5513,2024443350
12/21/2017,86.05,86.1,85.4,85.5,17990745,84.57678134,85.88757143,-0.3671,1.0467,-0.3694,0.9465,1541207155
12/22/2017,85.4,85.63,84.92,85.51,14145841,84.66565931,85.99671429,0.1609,0.1932,-0.3894,-0.2462,1207394682
12/26/2017,85.31,85.5346,85.03,85.4,9891237,84.73559651,86.11428571,-0.2034,0.5807,-0.3022,0.5807,843935507.4
12/27/2017,85.65,85.98,85.215,85.71,14678025,84.82839685,86.36857143,0.4935,0.9926,0.2209,0.2209,1256952671
12/28/2017,85.9,85.93,85.55,85.72,10594344,84.91331143,86.45885714,-0.0845,0.0368,-0.6637,-0.0057,908288425.6
12/29/2017,85.63,86.05,85.5,85.54,18717406,84.97299606,86.56471429,0.7033,0.7033,-0.4143,-0.1421,1604019303
1/2/2018,86.125,86.31,85.5,85.95,22483797,85.06604405,86.73614286,0.0239,1.2249,0.0207,1.1076,1931807838
1/3/2018,86.055,86.51,85.97,86.35,26061439,85.18832557,86.63971429,0.3756,1.5664,0.0021,1.4598,2248494085
1/4/2018,86.59,87.66,86.57,87.11,21911974,85.37134218,86.66014286,-0.9391,0.2207,-1.4967,-0.9889,1908825095
1/5/2018,87.66,88.41,87.43,88.19,23407110,85.63978579,86.92128571,0.7585,1.0541,-0.6544,0.5043,2060059751
1/8/2018,88.2,88.58,87.6046,88.28,22113049,85.89123476,87.09285714,-0.2532,1.0859,-0.6329,1.047,1949372886
1/9/2018,88.65,88.7272,87.86,88.22,19484317,86.11302192,87.33757143,-3.2144,-2.7844,-3.7162,-3.7162,1719862476
1/10/2018,87.86,88.19,87.41,87.82,18652201,86.27559126,87.557,-2.1556,0.5257,-2.2831,0.5257,1637787596
1/11/2018,88.13,88.13,87.24,88.08,17808877,86.44743972,87.82271429,0.4186,0.7206,0.0462,0.7198,1563916215
1/12/2018,88.67,89.78,88.45,89.6,24271531,86.74768355,88.312,0.72,0.8969,-0.3982,0.0568,2166881383
1/16/2018,90.1,90.79,88.0104,88.35,36599736,86.90028512,88.44242857,1.2542,1.943,0.2818,0.622,3259211371
1/17/2018,89.08,90.28,88.75,90.14,25621164,87.20882939,89.069,1.3393,2.8536,0.935,2.7498,2298816238
1/18/2018,89.8,90.67,89.66,90.1,24159683,87.48417897,89.59414286,1.9613,2.1436,1.151,2.0424,2177834358
1/19/2018,90.14,90.61,89.66,90,36875013,87.72378098,89.99257143,1.5038,2.3223,1.4033,2.1165,3322069921
1/22/2018,90,91.62,89.74,91.61,23601555,88.09389707,90.59942857,-0.8337,1.083,-0.8415,1.0743,2147505489
1/23/2018,91.9,92.3,91.54,91.9,23412841,88.45638307,91.17114286,1.457,1.6664,0.5038,1.0489,2151952259
1/24/2018,92.55,93.43,91.58,91.82,33277483,88.77672754,91.63757143,0.5563,2.1098,0.4665,1.6637,3070735206
1/25/2018,92.465,93.24,91.93,92.33,26383238,89.11513444,92.09757143,1.1459,1.2165,0.6867,0.8772,2440449515
1/26/2018,93.12,94.06,92.58,94.06,29172167,89.58607402,92.81085714,0.4422,1.1381,0.1163,0.4881,2729542426
1/29/2018,95.14,95.45,93.72,93.92,31569940,89.99882887,93.37985714,-0.3318,0.16,-1.0984,-0.0465,2979044772
1/30/2018,93.3,93.66,92.1,92.74,38635053,90.25989279,93.59457143,0.9761,1.384,0.7874,0.8628,3586620754
1/31/2018,93.75,95.4,93.51,95.01,48756338,90.71228395,94.169,-0.5061,1.6275,-0.9346,1.5687,4614299828
2/1/2018,94.79,96.07,93.5813,94.26,47227882,91.05016167,94.51471429,2.8594,2.9872,2.3034,2.3066,4469509792
2/2/2018,93.64,93.97,91.5,91.78,47867753,91.11967008,94.36285714,-0.5283,0.0589,-0.8726,-0.4801,4423778173
2/5/2018,90.56,93.24,88,88,51031465,90.82255865,93.55028571,-0.5469,0.5507,-0.5548,0.2178,4579903879
2/6/2018,86.89,91.475,85.25,91.33,67998564,90.87088639,93.36785714,-0.6823,0.3557,-0.7924,0.3155,6075785024
2/7/2018,90.49,91.77,89.2,89.61,41107592,90.75080198,92.81642857,0.9123,1.0745,0.1526,0.1611,3707630748
2/8/2018,89.71,89.875,84.76,85.01,55628657,90.20405893,91.35085714,0.0802,0.5163,-0.8588,-0.6385,4814567549
2/9/2018,86.3,88.93,83.83,88.18,63499065,90.01129141,90.54014286,-0.8586,0.8312,-1.0584,0.7697,5523148674
2/12/2018,88.735,89.78,87.9295,89.13,35720341,89.9273589,90.05642857,-0.4888,-0.1308,-0.5585,-0.2229,3177199311
2/13/2018,88.93,90,87.8,89.83,26407702,89.91808662,89.58442857,-0.2525,0.0529,-0.5005,-0.0651,2355831095
2/14/2018,88.51,90.99,88.41,90.81,34960912,90.00303075,89.45228571,-0.8101,-0.2322,-0.917,-0.3478,3148929344
2/15/2018,91.21,92.72,90.62,92.66,27823866,90.25607544,89.65014286,0.5113,0.5324,0.1922,0.423,2559795672
2/16/2018,92.45,93.5,91.8,92,30596919,90.4221635,89.67885714,-0.1474,0.3011,-0.1689,0.0551,2828175213
2/20/2018,91.475,93.06,91.01,92.72,30911725,90.64100507,89.97371429,-0.9193,-0.6617,-1.0412,-0.7787,2852018788
2/21/2018,92.98,93.3595,91.49,91.49,26922503,90.72186173,90.05328571,-0.8481,0.064,-1.1781,0.0606,2479917006
2/22/2018,92.05,92.73,91.36,91.73,24392753,90.8178749,90.17528571,0.012,0.9031,-0.2487,0.3784,2242669711
2/23/2018,92.75,94.07,92.36,94.06,26329226,91.12664872,90.78228571,0.7011,1.0678,0.1481,0.7547,2461694867
2/26/2018,94.4,95.45,94.25,95.42,30199846,91.53553931,91.79014286,-0.1845,1.2356,-0.3596,-0.3596,2870193364
2/27/2018,95.74,95.84,94.2,94.2,25869119,91.78929748,92.538,0.636,0.636,-0.3205,0.4764,2451012795
2/28/2018,94.84,95.705,93.63,93.77,31167338,91.97793581,93.084,0.4706,1.1468,-0.1581,0.4706,2941209741
3/1/2018,93.99,94.57,91.84,92.85,37135561,92.06098954,93.67142857,1.2898,1.2898,-0.0887,0.2471,3456825588
3/2/2018,91.58,93.15,90.86,93.05,32830389,92.15518102,94.25185714,-0.0197,0.4219,-0.8388,-0.8388,3031995859
3/5/2018,92.34,94.27,92.26,93.64,23901578,92.29659235,94.71114286,-2.4558,-1.4484,-2.5986,-1.7979,2232168369
3/6/2018,94.34,94.49,92.941,93.32,22175776,92.39405974,94.70642857,0.3719,1.0845,-0.0628,1.0775,2075290429
3/7/2018,93.16,93.9406,92.43,93.86,26716127,92.5336731,95.059,-0.1551,1.2014,-0.8706,1.0889,2495558766
3/8/2018,94.27,95.1,93.765,94.43,25887828,92.71427566,95.30928571,1.5987,2.3734,0.9194,2.1104,2444630744
3/9/2018,95.29,96.54,95,96.54,36937254,93.07863036,95.42257143,0.4939,2.4382,0.469,2.3538,3546961377
3/12/2018,96.5,97.21,96.04,96.77,26073742,93.43018937,95.73085714,-0.5968,2.1071,-0.5976,2.0784,2520635552
3/13/2018,97,97.24,93.97,94.41,35387817,93.52350467,95.57314286,0.8164,0.9966,0.0727,0.57,3369156097
3/14/2018,95.12,95.41,93.5,93.85,32131981,93.55459947,95.306,-0.1143,0.9565,-0.1992,0.6901,3028546316
3/15/2018,93.53,94.58,92.83,94.18,27610998,93.61416142,95.14071429,0.0182,0.6022,-0.7212,-0.6176,2591660309
3/16/2018,94.68,95.38,93.92,94.6,49081279,93.70805081,95.19028571,-0.506,0.9747,-0.7835,0.9632,4644725036
3/19/2018,93.74,93.9,92.11,92.89,33344085,93.63014121,94.82857143,-0.3346,2.0588,-0.3354,2.036,3099888435
3/20/2018,93.05,93.77,93,93.13,23075240,93.58250871,94.57071429,2.0089,2.2714,0.1781,0.2345,2152919892
3/21/2018,92.93,94.05,92.21,92.48,24457082,93.47750788,94.06328571,-1.2908,0.1093,-1.7135,0.0822,2272389012
3/22/2018,91.265,91.75,89.66,89.79,38604715,93.12631666,93.06614286,0.0692,0.3074,-0.7814,-0.7808,3489866236
3/23/2018,89.5,90.46,87.08,87.18,44068949,92.56000078,91.845,-0.9642,0.7582,-0.9642,0.7553,3888644060
3/26/2018,90.61,94,90.4,93.78,56396780,92.67619119,92.08385714,-0.7138,3.8388,-0.874,3.8109,5229485420
3/27/2018,94.94,95.139,88.51,89.47,56569011,92.37083964,91.42371429,3.7332,3.7432,0.8905,0.8905,5150023905
3/28/2018,89.82,91.23,88.873,89.39,52501146,92.08695015,90.77328571,-0.2262,0.6126,-0.273,0.6117,4716230446
3/29/2018,90.18,92.29,88.4,91.27,45867548,92.00914538,90.44257143,-0.1514,0.4122,-0.4986,0.4064,4158046118
4/2/2018,90.47,90.88,87.51,88.52,48515417,91.67684582,89.64371429,-0.3467,-0.0303,-0.3492,-0.1979,4316416650
4/3/2018,89.575,90.05,87.89,89.71,37213837,91.48952717,89.18957143,-0.6631,-0.434,-0.9508,-0.6864,3320094491
4/4/2018,87.85,92.76,87.73,92.33,35559956,91.5695722,89.24614286,-0.1393,0.562,-0.1768,0.4457,3233822399
4/5/2018,92.435,93.065,91.4,92.38,29771881,91.6467558,89.38014286,0.6649,0.8046,-0.0243,0.0179,2747398798
4/6/2018,91.49,92.46,89.48,90.23,38026000,91.51182668,89.193,-0.6066,-0.4198,-0.6962,-0.6921,3449845473
4/9/2018,91.04,93.17,90.62,90.77,31533943,91.44117652,89.37714286,-0.3281,0.611,-0.3312,0.4221,2885986463
4/10/2018,92.39,93.28,91.64,92.88,26939883,91.57820732,90.05857143,-0.0819,0.0545,-0.4239,-0.3616,2494633166
4/11/2018,92.01,93.29,91.48,91.86,24872110,91.60504472,90.37014286,-0.6172,-0.5704,-0.7137,-0.6362,2293457263
4/12/2018,92.43,94.16,92.43,93.58,26758879,91.7931357,90.98157143,-1.0255,-0.5514,-1.0255,-0.5516,2499011710
4/13/2018,94.05,94.18,92.44,93.08,23346063,91.91569421,91.537,0.2791,0.2791,-0.2326,-0.2326,2176631274
4/16/2018,94.07,94.66,93.42,94.17,20288083,92.13039,92.35257143,1.2712,2.0939,1.263,1.5913,1908770476
4/17/2018,95,96.54,94.88,96.07,26771000,92.50559095,93.35614286,-0.0615,0.1397,-1.7575,-0.6665,2565464930
4/18/2018,96.22,96.72,95.52,96.44,21043287,92.88029657,94.407,-0.2413,1.5038,-0.314,1.1676,2024925364
4/19/2018,96.44,97.07,95.34,96.11,23552541,93.18788738,95.28428571,1.1832,1.8633,0.8911,1.2528,2265126376
4/20/2018,95.91,96.11,94.05,95,31154377,93.36046953,95.63457143,-0.2512,-0.2512,-0.8208,-0.8208,2961327382
4/23/2018,95.7436,96.29,94.63,95.35,22331829,93.54994862,95.71442857,-0.0291,0.6901,-1.0119,0.0955,2130977563
4/24/2018,96.242,96.47,92.41,93.12,34524799,93.50900113,95.92342857,0.2226,2.4028,-0.8376,1.8157,3245331106
4/25/2018,93.3,93.3,90.28,92.31,33729257,93.39481055,95.56042857,2.6957,3.098,1.8276,2.805,3101854905
4/26/2018,93.55,95.15,93.1,94.26,42529043,93.47720955,95.511,0.422,2.2049,0.1287,2.2049,4004959979
4/27/2018,97.6,97.9,93.91,95.82,48272780,93.70033245,95.86971429,3.6142,3.8173,3.3873,3.3873,4628233237
4/30/2018,96.33,96.3964,93.15,93.52,41523605,93.68315793,95.46128571,-0.4938,-0.4402,-1.3988,-1.2809,3917979127
5/1/2018,93.21,95.29,92.79,95,31408927,93.80857146,95.37528571,-1.4433,0.1376,-1.5122,-0.1852,2963746352
5/2/2018,94.99,95.17,93.19,93.51,27471002,93.78013608,95.199,-0.1355,0.2841,-0.4582,-0.1711,2581083778
5/3/2018,92.96,94.925,92.45,94.07,31142497,93.80774217,95.11485714,0.2472,0.2472,-0.1778,-0.1778,2921633356
5/4/2018,93.32,95.37,92.92,95.16,22531325,93.93652863,94.994,-0.1062,0.6541,-0.3174,0.6292,2128834690
5/7/2018,95.17,96.71,95.1,96.22,24242019,94.15400209,95.05357143,0.1345,1.5669,-0.2287,1.556,2327476244
5/8/2018,95.8456,96.16,95.0631,95.81,23484589,94.31171618,95.17014286,0.5288,1.0099,0.4989,0.8514,2246951461
5/9/2018,96.01,96.97,95.05,96.94,27327410,94.56202892,95.35271429,0.8221,1.2708,0.6207,0.6207,2632176131
5/10/2018,97.46,97.95,97.05,97.91,22388119,94.88088331,95.81485714,-0.3878,0.3232,-0.3932,-0.2079,2185901312
5/11/2018,97.8,97.87,97.04,97.7,16778316,95.14937062,96.12614286,-0.2808,0.0046,-0.6147,-0.0068,1636501015
5/14/2018,97.92,98.69,97.31,98.03,19454124,95.42371627,96.54171429,-0.2702,0.6724,-0.2712,0.5063,1906698693
5/15/2018,97.24,97.85,96.34,97.32,24594010,95.60431472,96.96028571,-0.7713,-0.0996,-0.9198,-0.1019,2389799952
5/16/2018,97.36,97.4,96.615,97.15,17384742,95.75152284,97.36642857,0.5135,0.8468,0.3864,0.6046,1687276135
5/17/2018,96.76,97.5401,95.83,96.18,17246716,95.79233019,97.54928571,-0.1266,0.5284,-0.1442,-0.0035,1664596114
5/18/2018,96.01,96.93,96.01,96.36,17865840,95.84639398,97.65357143,-0.6108,-0.6108,-1.4192,-1.2558,1722862504
5/21/2018,97,98.01,96.8,97.6,19422467,96.01340408,98.00371429,-0.3441,1.3997,-0.3479,1.3673,1893107858
5/22/2018,97.68,98.17,97.2,97.5,15441189,96.15498464,98.08014286,0.5464,0.9322,0.3677,0.4569,1507420341
5/23/2018,96.71,98.73,96.32,98.66,21251222,96.39355753,98.22842857,-1.307,0.455,-1.4221,0.4525,2080565471
5/24/2018,98.725,98.94,96.81,98.31,26649287,96.57607586,98.416,1.3139,2.4335,1.3089,1.373,2612163112
5/25/2018,98.3,98.98,97.86,98.36,18363918,96.7459734,98.711,-0.2281,0.1027,-0.5749,-0.127,1807009531
5/29/2018,97.84,98.88,97.23,98.01,28670981,96.86635689,98.67471429,-0.6459,0.6791,-0.6686,0.658,2810902977
5/30/2018,98.31,99.25,97.91,98.95,22158528,97.06479909,98.89685714,0.4506,2.6145,0.441,2.3709,2187120575
5/31/2018,99.29,99.99,98.61,98.84,34140891,97.23386584,98.89314286,2.9821,3.7058,2.8424,3.5181,3384955540
6/1/2018,99.2798,100.86,99.17,100.79,28655624,97.57254529,99.23142857,2.3695,2.7334,1.7961,2.6885,2873394937
6/4/2018,101.26,101.86,100.851,101.67,27281623,97.96277907,99.74614286,3.233,3.6808,3.233,3.481,2768002563
6/5/2018,102,102.33,101.53,102.19,23514402,98.36537154,100.3704286,2.2391,2.7041,1.9794,2.639,2398860911
6/6/2018,102.48,102.6,101.9,102.49,21122917,98.7581933,100.9241429,0.8013,0.8042,-0.2401,-0.2401,2161508097
6/7/2018,102.65,102.69,100.38,100.88,28232197,98.96027012,101.1964286,-0.5049,-0.3065,-0.7634,-0.3912,2860392093
6/8/2018,101.0924,101.95,100.54,101.63,22165128,99.21453011,101.6487143,-0.1888,0.611,-0.531,0.6033,2246952909
6/11/2018,101.37,101.59,100.67,101.05,23490894,99.38933677,101.9191429,-0.0934,0.5534,-0.2342,0.4268,2375007686
6/12/2018,101.1,101.4493,100.75,101.31,18325228,99.57225708,102.223,0.1004,0.6721,-0.0486,0.6662,1853959041
6/13/2018,101.72,102.01,100.56,100.85,29492875,99.69394688,102.3235714,0.1055,0.6077,0.0589,0.1201,2982909377
6/14/2018,101.65,102.03,101,101.42,25691811,99.85833289,102.4625714,-0.1082,0.3405,-0.6379,0.0478,2607290620
6/15/2018,101.51,101.53,100.07,100.13,65738585,99.88420595,102.204,-0.7423,-0.4487,-1.0671,-1.0011,6611767751
6/18/2018,100.01,101.11,99.42,100.86,23586037,99.97713872,102.0425714,-0.5549,0.949,-0.568,0.8753,2369531897
6/19/2018,99.65,101,99.5,100.86,28653087,100.0612207,101.9408571,-0.2687,-0.2687,-0.7796,-0.4605,2878298099
6/20/2018,101.37,102.52,101.12,101.87,26180792,100.2334854,101.9701429,-0.6859,-0.0527,-1.189,-0.5788,2666164588
6/21/2018,102.075,102.46,100.88,101.14,23198188,100.3198202,101.9174286,-0.9099,-0.6978,-1.1987,-0.6986,2354461427
6/22/2018,100.41,100.77,99.625,100.41,38923105,100.3284087,101.6587143,-0.3202,0.2668,-0.5005,0.1629,3902754867
6/25/2018,100,100.11,97.3,98.39,35433333,100.1437984,100.9998571,-0.1576,2.1315,-0.7877,1.712,3493726634
6/26/2018,98.82,100.08,98.75,99.08,26897244,100.0424842,100.4337143,-0.7782,2.5994,-0.7991,2.5976,2670985987
6/27/2018,99.58,100.02,97.4,97.54,31298386,99.8041524,99.66028571,0.6841,2.422,-3.0776,-3.0043,3077257312
6/28/2018,97.38,99.11,97.26,98.63,26650671,99.69232836,99.09842857,-2.4572,0.1448,-2.4572,0.0388,2620649315
6/29/2018,98.93,99.91,98.33,98.61,28053214,99.58924947,98.73085714,1.1785,1.1785,-0.1044,0.6331,2775865525
7/2/2018,98.1,100.06,98,100.01,19564521,99.62932095,98.74242857,1.097,2.0203,0.9513,1.8996,1943865591
7/3/2018,100.48,100.63,98.94,99.05,14670275,99.57414752,98.65142857,1.5895,1.5895,0.3775,0.6378,1460279174
7/5/2018,99.5,99.92,99.0299,99.76,18977402,99.59184776,98.76714286,1.3096,2.0106,1.285,1.6331,1889579285
7/6/2018,99.885,101.43,99.67,101.16,19234627,99.74119559,99.02085714,0.6016,0.9842,-0.0439,0.6698,1937952786
7/9/2018,101.6452,102.25,101.251,101.85,18211980,99.94203411,99.47371429,1.3829,2.2748,0.7333,1.3442,1853682102
7/10/2018,102,102.51,101.86,102.12,19293140,100.1494594,99.91557143,0.1485,2.1872,0.1464,1.9431,1971051493
7/11/2018,101.15,102.34,101.1,101.98,19644648,100.3237966,100.3421429,1.2945,1.7671,1.0885,1.3747,1999956131
7/12/2018,102.77,104.41,102.73,104.19,24335929,100.6920065,101.1235714,0.064,3.4846,0.0599,3.4836,2525501592
7/13/2018,104.37,105.6,104.09,105.43,24653500,101.143244,102.1445714,2.2862,3.2857,1.5851,2.2939,2589603640
7/16/2018,105.4,105.82,104.515,104.91,21786912,101.5019826,102.8827143,1.5474,2.2337,1.403,1.4796,2289405024
7/17/2018,104.61,106.5,104.32,105.95,25901726,101.9256033,103.8187143,0.0661,3.5316,-1.3336,3.518,2734963248
7/18/2018,105.94,106.05,104.715,105.12,29493927,102.2298316,104.5278571,3.193,3.2964,2.1991,2.1991,3105563043
7/19/2018,104.93,105.31,103.89,104.4,40171646,102.4365143,105.1434286,0.5162,1.8061,0.508,1.3714,4199276062
7/20/2018,108.08,108.2,106.08,106.27,56038827,102.8016082,105.9971429,3.8428,3.9684,3.7642,3.7765,5987748665
7/23/2018,106.3,108.14,106.13,107.97,29706955,103.293836,107.0202857,0.0301,0.2146,-0.1036,-0.0532,3190923060
7/24/2018,108.57,108.82,107.26,107.66,26316619,103.7096611,107.6758571,-0.0501,0.2427,-0.4232,0.0476,2839914078
7/25/2018,107.955,111.15,107.6,110.83,30798058,104.3877886,108.8567143,-0.6076,0.3152,-0.8141,0.3134,3383474652
7/26/2018,110.74,111,109.5,109.62,31372110,104.8860945,109.491,-0.1021,0.0479,-0.7398,-0.6785,3452186984
7/27/2018,110.18,110.18,106.14,107.68,37005292,105.1521807,109.7014286,-0.2908,0.0545,-0.4577,-0.0977,3996571536
7/30/2018,107.19,107.53,104.76,105.37,34668327,105.1729254,109.3515714,-0.44,-0.44,-0.9591,-0.9385,3670913585
7/31/2018,106.49,106.72,105.38,106.08,27655152,105.2593135,109.177,-0.7026,-0.0745,-0.7037,-0.1811,2933105421
8/1/2018,106.03,106.446,105.42,106.28,23628699,105.3565217,108.8568571,-0.5377,0.0794,-0.5549,0.0715,2505792024
8/2/2018,105.4,108.09,104.84,107.57,26104258,105.5673292,108.744,0.1118,0.6537,-0.0812,0.5316,2788804896
8/3/2018,107.8,108.05,106.82,108.04,18659599,105.8028216,108.7468571,-0.2533,-0.1776,-0.8247,-0.7413,2008457038
8/6/2018,108.12,108.42,107.559,108.13,20265947,106.0244577,108.7371429,-0.6608,-0.3048,-0.6619,-0.3385,2189458605
8/7/2018,108.56,109.1,108.17,108.88,16080214,106.2964141,108.804,-0.1167,0.0905,-0.158,-0.0444,1748187265
8/8/2018,109.33,109.75,108.7599,109.49,15487502,106.6005651,108.8735714,-0.0711,0.8466,-0.1812,0.8324,1693299702
8/9/2018,109.71,110.16,109.6,109.67,13677211,106.8928922,109.0902857,0.7495,1.6844,0.3267,0.3267,1501894540
8/10/2018,109.42,109.69,108.38,109,18183724,107.0935692,109.2282857,-0.6582,-0.6582,-1.6158,-1.4836,1982450203
8/13/2018,109.24,109.58,108.1,108.21,18474884,107.1998959,109.1165714,-1.0592,-0.4209,-1.5076,-0.6316,2006926649
8/14/2018,108.56,109.75,108.04,109.56,16788314,107.4246677,109.3124286,-0.9115,-0.3811,-0.9643,-0.3837,1831884863
8/15/2018,108.49,108.985,106.82,107.66,29982806,107.4470803,109.0208571,-0.3367,-0.3163,-0.7021,-0.327,3232796114
8/16/2018,108.3,108.86,107.3,107.64,21384289,107.4654536,108.6172857,-0.5611,0.9375,-0.5618,0.5093,2308077593
8/17/2018,107.36,107.9,106.69,107.58,18061512,107.4763628,108.3432857,0.752,0.8798,-0.0781,0.2392,1939625774
8/20/2018,107.51,107.9,106.48,106.87,17914201,107.418614,108.0887143,0.0198,0.1122,-2.0057,-1.7412,1918312357
8/21/2018,106.92,107.35,105.85,105.98,22881861,107.2816031,107.6535714,-2.3219,-1.6382,-2.7856,-2.5371,2434477465
8/22/2018,105.85,107.34,105.78,107.06,18000639,107.2604981,107.76,-1.2052,0.5751,-1.2052,0.0331,1921148198
8/23/2018,107.15,108.18,106.87,107.56,18167723,107.2890221,107.8921429,0.5144,2.2435,0.5115,2.0212,1953696372
8/24/2018,107.67,108.56,107.56,108.4,17234020,107.3948295,108.0157143,-2.4514,-0.7761,-2.8152,-0.7761,1864261390
8/27/2018,109.27,109.64,108.51,109.6,19662331,107.6048457,108.1208571,0.8117,1.3441,0.6526,1.2186,2148109662
8/28/2018,109.94,110.5,109.79,110.26,19151528,107.8577176,108.3591429,1.1151,1.1151,0.4581,0.7875,2110179193
8/29/2018,110.45,112.03,110.27,112.02,20818044,108.2541254,108.8845714,0.2518,2.1773,0.2507,2.0327,2319962823
8/30/2018,111.67,112.61,111.44,111.95,22798702,108.6061135,109.444,1.9353,2.137,0.4459,0.6839,2553454624
8/31/2018,111.685,112.777,111.515,112.33,23222713,108.9607693,110.0584286,-0.7587,0.1696,-0.792,0.0092,2605758698
9/4/2018,110.85,111.955,110.22,111.71,22634641,109.2226008,110.5054286,-0.1646,0.6668,-0.2364,-0.092,2519122370
9/5/2018,111.01,111.42,108.1,108.49,32872352,109.1528293,110.3782857,0.0274,0.0274,-0.8968,-0.4387,3594153393
9/6/2018,108.25,108.99,107.51,108.74,23477624,109.1135122,110.3641429,-0.0544,1.0472,-0.0608,0.2595,2545287477
9/7/2018,108.23,108.7248,107.23,108.21,22498646,109.0274634,110.2802857,0.6254,0.6254,-0.0897,0.2506,2431089694
9/10/2018,108.84,109.64,108.36,109.38,20727906,109.0610384,110.3675714,0.0361,0.1723,-0.2376,-0.0634,2261967289
9/11/2018,108.9,111.59,108.89,111.24,24301774,109.2685585,110.7158571,-0.5463,1.7476,-0.5728,1.7299,2687128157
9/12/2018,111.43,111.85,110.51,111.71,18891064,109.5010768,111.2431429,-0.0285,0.325,-0.7267,0.0154,2103645917
9/13/2018,112.12,113.725,112.12,112.91,26055620,109.8257361,111.7725714,1.326,2.4798,0.8621,2.1957,2942157184
9/14/2018,113.36,113.73,112.44,113.37,19122349,110.1632851,112.3104286,0.7306,1.1226,-0.0359,0.5611,2164267460
9/17/2018,113.69,113.7,111.86,112.14,20736516,110.3515436,112.532,0.7024,1.3892,0.2734,0.5711,2334240484
9/18/2018,112.19,113.695,111.72,113.21,22170934,110.6237776,112.8161429,0.5018,0.5998,-0.456,0.0789,2502544175
9/19/2018,113.05,113.32,111.035,111.7,21728429,110.7262749,112.6402857,-0.3364,0.3039,-0.8969,-0.8884,2433982403
9/20/2018,112.28,113.8,111.93,113.57,23714512,110.9971059,112.838,0.6344,3.1931,0.3682,3.1492,2682111307
9/21/2018,114,115.29,113.51,114.26,71229698,111.3078577,113.1208571,3.524,3.8178,2.9682,2.9682,8145353399
9/24/2018,113.03,114.9,112.2175,114.67,27334460,111.6280617,113.4681429,0.8848,2.5857,0.8823,2.5662,3114192249
9/25/2018,114.8,115.1,113.75,114.45,22668014,111.8968178,113.805,2.4336,2.4815,1.9099,1.9802,2593976402
9/26/2018,114.47,115.055,113.74,113.98,19352025,112.0952161,114.0512857,-0.1203,-0.0819,-1.3319,-1.0218,2211130123
9/27/2018,114.78,114.91,114.2,114.41,19091299,112.3156717,114.5002857,-1.2187,-0.0318,-1.2292,-0.0866,2186081011
9/28/2018,114.19,114.57,113.68,114.37,21647811,112.511322,114.9007143,0.6618,0.6618,-0.3595,-0.0814,2472324335
10/1/2018,114.75,115.68,114.73,115.61,18883079,112.8064342,115.5348571,-0.1493,0.4987,-0.6971,-0.5236,2177974332
10/2/2018,115.3,115.84,114.44,115.15,20787239,113.0296309,115.9747143,0.2416,0.702,-0.2829,0.6025,2393511989
10/3/2018,115.42,116.18,114.93,115.17,16648018,113.2334756,116.0471429,0.1503,0.6379,-0.5981,0.4618,1921625224
10/4/2018,114.61,114.7588,111.63,112.79,34821717,113.1912398,115.6071429,0.5607,1.0161,-0.0376,-0.0247,3936929395
10/5/2018,112.63,113.17,110.64,112.13,29068859,113.0901694,114.9337143,-0.8001,-0.8001,-1.2254,-0.8833,3255130831
10/8/2018,111.66,112.03,109.34,110.85,29640588,112.8768199,114.0835714,-0.5224,0.1352,-1.5561,0.1352,3282398715
10/9/2018,111.14,113.08,110.8,112.26,26198594,112.8180752,113.6602857,-0.3858,0.7359,-0.3867,0.3865,2935465129
10/10/2018,111.24,111.5,105.79,106.16,61376315,112.1839728,112.1365714,-0.4417,0.2631,-0.8999,-0.5201,6617389696
10/11/2018,105.35,108.93,104.2,105.91,63904282,111.5864515,110.7657143,-0.8652,-0.1883,-1.5082,-0.8392,6796007376
10/12/2018,109.01,111.24,107.12,109.57,47742109,111.3944085,110.2205714,0.9923,1.634,0.4061,1.2192,5218689935
10/15/2018,108.91,109.48,106.9468,107.6,32068103,111.0330363,109.2408571,0.0461,2.0259,-0.3174,1.9659,3463641599
10/16/2018,109.54,111.41,108.95,111,31610164,111.02989,109.0644286,1.8521,2.2719,1.6802,2.1043,3491447981
10/17/2018,111.68,111.81,109.5482,110.71,26548243,110.9994243,108.7147143,1.7353,2.0253,0.8304,1.421,2938609089
10/18/2018,110.1,110.53,107.83,108.5,32506192,110.7613839,108.1557143,0.505,0.7329,-0.0626,0.1996,3541657972
10/19/2018,108.93,110.86,108.21,108.66,32785475,110.5612521,107.7678571,0.4725,2.1918,0.0018,0.0018,3581594574
10/22/2018,109.32,110.54,108.24,109.63,26545607,110.4725614,107.6811429,-0.3717,-0.1377,-0.8044,-0.7208,2905947598
10/23/2018,107.77,108.97,105.11,108.1,43770429,110.2466032,107.3602857,-0.5616,-0.2278,-1.7982,-0.8302,4700652272
10/24/2018,108.41,108.49,101.5901,102.32,63897759,109.4916886,106.0097143,0.3199,2.3256,0.3037,0.7121,6653888767
10/25/2018,106.55,109.27,106.15,108.3,61646819,109.3781944,105.9792857,3.1055,3.8223,3.0926,3.8223,6652102749
10/26/2018,105.69,108.75,104.76,106.96,55523104,109.1478902,105.7832857,3.028,3.275,2.5762,2.5762,5931163046
10/29/2018,108.105,108.7,101.63,103.85,55162001,108.6433292,105.2395714,-1.2896,0.4273,-1.339,0.2906,5776932491
10/30/2018,103.66,104.38,100.11,103.73,65350878,108.1753931,104.7955714,0.2237,0.7603,-0.3523,0.0028,6714149206
10/31/2018,105.435,108.14,105.39,106.81,51062383,108.0453557,105.0887143,0.3903,0.4874,-0.2758,-0.0012,5452441257
11/1/2018,107.05,107.32,105.53,105.92,33384201,107.8429408,105.098,0.5304,0.5304,0.0077,0.2779,3547293918
11/2/2018,106.48,107.32,104.975,106.16,37680194,107.6826608,105.184,-0.7285,-0.2649,-0.7387,-0.3113,3999815393
11/5/2018,106.37,107.74,105.9,107.51,27922144,107.6662169,105.478,-0.5706,0.2607,-0.6706,0.1824,2989065515
11/6/2018,107.38,108.84,106.28,107.72,24340248,107.6713391,105.9997143,-0.3225,0.5847,-0.4857,0.4367,2619335221
11/7/2018,109.44,112.24,109.4,111.96,37901704,108.079783,106.7637143,-0.2007,0.5115,-0.204,0.3115,4214669485
11/8/2018,111.8,112.21,110.91,111.75,25644105,108.4293275,107.3808571,0.6828,1.0544,0.575,0.5919,2862480480
11/9/2018,110.85,111.45,108.76,109.57,32039223,108.5379629,107.8757143,-0.1433,0.4078,-0.1782,0.4053,3521964987
11/12/2018,109.42,109.96,106.1,106.87,33621807,108.3791093,107.6721429,-0.8161,-0.0915,-0.8161,-0.2297,3619163378
11/13/2018,107.55,108.74,106.64,106.94,35374583,108.2420513,107.832,-0.3951,0.9322,-0.3951,0.7387,3800645198
11/14/2018,108.1,108.26,104.47,104.97,39495141,107.9304274,107.655,0.589,1.1671,0.2184,0.5522,4182535432
11/15/2018,104.99,107.8,103.91,107.28,38505165,107.8684819,107.768,-0.538,1.4885,-1.7112,1.4329,4094254194
11/16/2018,107.08,108.88,106.8,108.29,33502121,107.9086265,108.102,1.7014,2.6414,1.1635,1.5303,3617894047
11/19/2018,108.27,108.56,103.55,104.62,44773899,107.595424,107.8567143,-0.219,0.7503,-0.7715,0.104,4727079010
11/20/2018,101.8,102.97,99.3528,101.71,64052457,107.0349074,106.9895714,-1.1037,-0.5372,-2.3795,-1.6497,6491349283
11/21/2018,103.6,104.43,102.24,103.11,28130621,106.6611067,105.8957143,-0.9218,-0.9218,-2.202,-1.3353,2904767924
11/23/2018,102.17,103.8099,102,103.07,13823099,106.3190965,105.3811429,-1.7077,-0.9146,-1.7077,-1.3664,1423225812
11/26/2018,104.79,106.63,104.58,106.47,32336165,106.3334683,105.4387143,0.412,0.4911,-1.115,-0.5798,3424184299
11/27/2018,106.27,107.33,105.36,107.14,29124486,106.4102808,105.3167143,-0.0551,2.7939,-0.0588,2.7238,3104961452
11/28/2018,107.89,111.33,107.86,111.12,46788461,106.8588255,105.8748571,3.2404,3.3986,2.7269,3.0205,5151565518
11/29/2018,110.33,111.115,109.03,110.19,28123195,107.1760802,106.4627143,2.003,2.1634,1.6978,1.9189,3096691873
11/30/2018,110.7,110.97,109.36,110.89,33665624,107.5297869,107.0432857,0.1863,0.3634,-0.6268,0.3398,3716909327
12/3/2018,113,113.42,110.73,112.09,34732772,107.9640929,107.7997143,0.8944,2.2092,0.8263,2.1591,3892849086
12/4/2018,111.94,112.6373,108.2115,108.52,45196984,108.0170364,107.9434286,2.2981,2.3818,0.9625,0.9625,4962158795
12/6/2018,105.82,109.24,105,109.19,49107431,108.1287472,108.2181429,-0.521,0.0515,-0.6106,-0.4488,5294272136
12/7/2018,108.38,109.45,104.3,104.82,45044937,107.8136285,108.0842857,-0.0526,-0.0526,-1.3282,-1.1661,4783321860
12/10/2018,104.8,107.98,103.89,107.59,40801525,107.7923305,108.5458571,-0.8213,0.4017,-0.8213,0.1622,4344818392
12/11/2018,109.8,110.95,107.44,108.59,42381947,107.868299,109.0345714,-0.2737,0.0615,-1.2869,-1.0679,4619349677
12/12/2018,110.89,111.27,109.04,109.08,36183020,107.9836991,109.3582857,-0.2932,0.2154,-0.4359,0.0423,3972774986
12/13/2018,109.58,110.87,108.63,109.45,31333362,108.1233468,109.7261429,-0.569,-0.2688,-0.7748,-0.6901,3435703143
12/14/2018,108.25,109.26,105.5,106.03,47043136,107.9239805,109.226,-0.7109,-0.6207,-1.0995,-0.7923,5030322532
12/17/2018,105.41,105.8,101.71,102.89,56957314,107.4445537,108.3585714,-0.7183,-0.6389,-1.246,-1.1783,5893183422
12/18/2018,103.75,104.51,102.52,103.97,49319196,107.1136439,107.8554286,0.312,1.0991,0.2524,0.9769,5112756652
12/19/2018,103.65,106.88,101.35,103.69,68198186,106.7875825,106.995,-1.2978,-0.8416,-1.382,-1.369,7090792726
12/20/2018,103.05,104.31,98.78,101.51,70334184,106.2849556,105.452,-1.1445,-0.1807,-1.7739,-1.7566,7141264149
12/21/2018,101.63,103,97.46,98.23,111242070,105.517817,103.4427143,-0.5176,0.1276,-0.9667,-0.0083,11075631296
12/24/2018,97.68,97.97,93.98,94.13,43935192,104.433263,100.7377143,-0.6596,1.0062,-0.6596,0.5144,4189659909
12/26/2018,95.14,100.69,93.96,100.56,51634793,104.0643808,99.69457143,-0.3701,1.2049,-1.2095,0.9233,5081035747
12/27/2018,99.3,101.19,96.4,101.18,49498509,103.7896779,98.918,1.9759,2.188,1.4265,2.0945,4929556511
12/28/2018,102.09,102.41,99.52,100.39,38169312,103.465899,98.47785714,0.0605,0.1179,-2.3827,-0.7197,3846448801
12/31/2018,101.29,102.4,100.44,101.57,33173765,103.2853372,98.31714286,-0.1933,1.8203,-0.1995,1.6118,3366141935
1/2/2019,99.55,101.75,98.94,101.12,35329345,103.0791146,98.266,1.0074,1.3201,0.4353,0.8638,3554249871
1/3/2019,100.1,100.185,97.2,97.4,42578410,102.5382466,97.78357143,-0.3889,-0.3115,-1.2794,-1.1241,4183825531
1/4/2019,99.72,102.51,98.93,101.93,44060620,102.4803183,97.99528571,-1.8987,-0.4573,-2.061,-0.7603,4455556763
1/7/2019,101.64,103.2681,100.98,102.06,35656136,102.440288,98.39228571,0.3831,2.2663,0.2359,1.8159,3640587757
1/8/2019,103.04,103.97,101.7134,102.8,31514415,102.4745463,98.59157143,2.5147,2.5572,1.4825,1.6095,3240557963
1/9/2019,103.86,104.88,103.2445,104.27,32280840,102.6455419,99.36971429,1.1357,1.8239,1.1041,1.5399,3361452290
1/10/2019,103.22,103.75,102.38,103.6,30067556,102.7364427,100.1708571,0.7862,0.9333,-0.2947,0.0201,3104274707
1/11/2019,103.19,103.44,101.64,102.8,28314202,102.7424957,100.9437143,-1.3369,0.37,-1.3865,-0.29,2905792171
1/14/2019,101.9,102.8716,101.26,102.05,28437079,102.6765438,101.704,-1.0767,-0.8001,-1.8171,-1.7938,2902303449
1/15/2019,102.51,105.05,101.88,105.01,31587616,102.8987777,102.7777143,0.6462,2.2128,0.6453,2.1994,3284480312
1/16/2019,105.26,106.255,104.96,105.38,29853865,103.1350846,103.6207143,0.9695,1.5357,0.3172,0.8923,3150528130
1/17/2019,105,106.625,104.76,106.12,28393015,103.4193622,104.6735714,0.6784,1.5107,0.3152,1.472,3004974743
1/18/2019,107.46,107.9,105.91,107.71,37427587,103.8279944,105.963,0.7709,0.9912,-0.2564,0.6278,4011239257
1/22/2019,106.75,107.1,104.86,105.68,32371253,104.0043759,106.6,0.5807,1.9904,0.5521,1.375,3427468268
1/23/2019,106.12,107.04,105.34,106.71,25874294,104.2620544,107.0407143,0.7439,1.8532,0.1323,1.8023,2752076157
1/24/2019,106.86,107,105.34,106.2,23164838,104.4466206,106.8555714,-0.1828,0.8471,-0.4393,0.4262,2459642499
1/25/2019,107.24,107.88,106.59,107.17,31218193,104.7059901,107.3211429,0.559,1.7316,0.2235,1.4261,3347006532
1/28/2019,106.26,106.48,104.66,105.08,29476719,104.7416101,107.3661429,0.3394,0.4778,-1.5126,-1.3244,3107042694
1/29/2019,104.88,104.97,102.17,102.94,31490547,104.5700282,106.879,-0.3986,-0.1929,-2.7802,-2.5709,3254862938
1/30/2019,104.62,106.38,104.33,106.38,49471866,104.7424064,107.1122857,-2.7321,2.5519,-2.7321,1.725,5229011330
1/31/2019,103.8,105.22,103.18,104.43,55636391,104.7126534,106.8697143,0.4959,2.6628,0.4051,1.1118,5801577399
2/1/2019,103.775,104.0999,102.35,102.78,35535690,104.5285912,105.9014286,1.0397,1.0727,-1.929,-1.4635,3662899288
2/4/2019,102.87,105.8,102.77,105.74,31315282,104.6439635,105.859,-1.5698,1.6425,-1.5698,1.6342,3280902095
2/5/2019,106.06,107.27,105.96,107.22,27325365,104.8893003,106.05,1.1896,1.7146,0.1948,1.6352,2918804405
2/6/2019,107,107,105.53,106.03,20609759,104.9979384,106.0202857,0.9036,1.0083,-2.1715,-2.1556,2188481609
2/7/2019,105.185,105.59,104.29,105.27,29760697,105.023849,105.9502857,-0.6677,-0.1002,-1.0662,-0.4652,3126361220
2/8/2019,104.39,105.78,104.2603,105.67,21461093,105.0853872,105.8732857,-0.4925,0.5426,-0.5418,0.3914,2258496036
2/11/2019,106.2,106.58,104.965,105.25,18914123,105.1010646,105.6087143,-1.4086,-0.4751,-1.4086,-0.4887,1997299865
2/12/2019,106.14,107.14,105.48,106.89,25056595,105.2714394,105.5387143,1.2949,2.8982,1.2129,2.8844,2668610889
2/13/2019,107.5,107.78,106.71,106.81,18394869,105.417969,105.6807143,1.9843,2.0489,0.034,0.034,1970090470
2/14/2019,106.31,107.29,105.66,106.9,21784703,105.5591148,105.8507143,-0.6286,1.4752,-1.0429,1.4673,2322612418
2/15/2019,107.91,108.3,107.3624,108.22,26606886,105.8125324,106.3181429,1.2101,1.4157,0.5996,0.6356,2872500698
2/19/2019,107.79,108.66,107.78,108.17,18038460,106.0370531,106.9052857,-0.1586,1.2989,-0.1956,1.2697,1951821500
2/20/2019,107.86,107.94,106.29,107.15,21607671,106.1430481,107.0934286,0.5003,0.9678,-0.6322,-0.632,2314757769
2/21/2019,106.9,109.48,106.87,109.41,29063231,106.4541864,107.7832857,-0.0231,2.7183,-0.1024,2.6767,3155879377
2/22/2019,110.05,111.2,109.82,110.97,27763218,106.8842639,108.6732857,2.5784,2.8555,1.971,2.1893,3072370248
2/25/2019,111.76,112.18,111.26,111.59,23750599,107.3324292,109.7072857,1.8747,2.2422,1.4029,1.5125,2652387728
2/26/2019,111.26,113.24,111.17,112.36,21536733,107.8112455,110.6121429,0.3632,1.568,0.3049,1.396,2417641857
2/27/2019,111.69,112.36,110.88,112.17,21487062,108.2263649,111.1637143,0.4007,0.5704,-0.2535,-0.2495,2402325155
2/28/2019,112.04,112.88,111.73,112.03,29083934,108.5886159,111.9014286,-0.5102,0.1052,-0.6607,-0.1055,3263605181
3/1/2019,112.89,113.02,111.665,112.53,23501169,108.9639858,112.4562857,0.6908,0.6908,-0.2242,-0.07,2641648901
3/4/2019,113.02,113.25,110.8,112.26,26608014,109.2778919,112.6802857,0.4473,0.4473,-1.0022,-0.923,2982847063
3/5/2019,112.25,112.39,111.23,111.7,19538318,109.5085689,112.9608571,-0.2986,0.6104,-0.3026,0.205,2183862931
3/6/2019,111.87,112.66,111.43,111.75,17686996,109.7220385,113.3135714,-0.6859,-0.4028,-0.8602,-0.6234,1980000246
3/7/2019,111.4,111.55,109.865,110.39,25338954,109.7856539,113.23,-0.732,-0.732,-1.4577,-1.4508,2802530544
3/8/2019,109.16,110.71,108.8,110.51,22818430,109.8546392,113.0304286,-1.5167,-0.9286,-1.6607,-0.9286,2510179423
3/11/2019,110.99,112.95,110.98,112.83,26491618,110.1380069,113.2268571,0.2353,0.4613,-0.2768,-0.1725,2973772426
3/12/2019,112.82,113.99,112.6499,113.62,26132717,110.4696253,113.4257143,-0.4969,0.6861,-0.5271,0.2223,2963971891
3/13/2019,114.13,115,113.78,114.5,35513771,110.8534705,113.8324286,-0.4667,-0.3111,-0.8646,-0.5341,4063722436
3/14/2019,114.54,115.2,114.33,114.59,30763367,111.2093305,114.1391429,-0.1565,1.1628,-0.4936,0.9214,3528763284
3/15/2019,115.34,117.25,114.59,115.91,54630661,111.6570133,114.5888571,0.3474,3.3011,0.3445,3.1713,6332604121
3/18/2019,116.17,117.61,116.05,117.57,31207596,112.2201549,115.3501429,-0.9539,1.9795,-0.986,1.9616,3653681314
3/19/2019,118.09,118.44,116.99,117.65,37588697,112.737283,115.9877143,2.626,3.051,2.0781,2.3383,4423939046
3/20/2019,117.39,118.75,116.71,117.52,28113343,113.1927798,116.3637143,-0.9848,0.471,-1.7223,0.3139,3307815937
3/21/2019,117.135,120.82,117.09,120.22,29854446,113.8620389,117.319,1.2014,2.8,1.0671,2.7763,3563924249
3/22/2019,119.5,119.59,117.04,117.05,33624528,114.1656542,117.6871429,1.7373,1.906,-0.7654,-0.7654,3964107688
3/25/2019,116.56,118.01,116.3224,117.66,27067117,114.4984491,118.1437143,-1.4868,-1.1854,-1.9035,-1.8091,3175806491
3/26/2019,118.62,118.705,116.85,117.91,26097665,114.8233587,118.637,-0.8117,-0.4116,-1.7037,-1.6442,3074870386
3/27/2019,117.875,118.21,115.5215,116.77,22733427,115.0087531,118.8202857,-0.3614,0.4862,-0.5784,0.3158,2656033421
3/28/2019,117.44,117.58,116.13,116.93,18334755,115.191729,118.9535714,-0.5173,-0.2136,-0.8102,-0.351,2142966164
3/29/2019,118.07,118.32,116.96,117.94,25399752,115.4534691,119.2544286,0.1245,0.4318,-0.222,0.4228,2990566800
4/1/2019,118.95,119.1085,118.1,119.02,22789103,115.7931387,119.6515714,0.046,1.2362,0.046,1.0097,2706042659
4/2/2019,119.06,119.48,118.52,119.19,18142297,116.1166493,119.9277143,-0.0935,-0.0567,-1.7928,-1.7716,2160082355
4/3/2019,119.86,120.43,119.15,119.97,22860744,116.4836351,120.2467143,-0.7813,0.5874,-0.7813,0.144,2739860168
4/4/2019,120.1,120.23,118.38,119.36,20112848,116.7575746,120.199,-0.9847,-0.6991,-1.734,-1.2737,2399932066
4/5/2019,119.39,120.23,119.37,119.89,15826245,117.0559008,120.1335714,-0.2914,0.0536,-0.7493,-0.2222,1896458938
4/8/2019,119.81,120.02,118.64,119.93,15116186,117.3296246,120.1735714,0.7205,1.4616,0.627,1.4522,1806837713
4/9/2019,118.63,119.54,118.58,119.28,17611981,117.5153746,120.0704286,0.0222,0.2431,-0.4738,-0.0246,2098174003
4/10/2019,119.76,120.35,119.54,120.19,16477169,117.7701008,120.1434286,-0.725,0.2838,-0.725,0.2459,1977699671
4/11/2019,120.54,120.85,119.92,120.33,14209121,118.0139008,120.1701429,2.2769,2.4502,1.7331,1.7331,1710304531
4/12/2019,120.64,120.98,120.37,120.95,19745143,118.2935293,120.362,0.4549,0.687,-0.2844,0.3773,2384555103
4/15/2019,120.94,121.58,120.57,121.05,15792572,118.5560503,120.6664286,0.3942,1.1169,-0.0399,-0.0399,1911954050
4/16/2019,121.64,121.65,120.1,120.77,14071787,118.7669026,120.8771429,0.7596,0.8836,-0.5407,0.3515,1700434741
4/17/2019,121.24,121.85,120.54,121.77,19300938,119.0529119,121.216,-0.5895,1.2629,-0.8014,1.2615,2342876527
4/18/2019,122.19,123.52,121.3018,123.37,27990998,119.4640632,122.0612857,2.5938,3.1957,2.3402,3.0617,3435351979
4/22/2019,122.62,124,122.57,123.76,15648724,119.8732,122.617,0.8816,2.4153,0.2799,0.2799,1931730653
4/23/2019,124.1,125.58,123.83,125.44,24025521,120.4033714,123.4498571,0.3054,3.5465,0.2413,3.4966,3001988849
4/24/2019,125.79,125.85,124.52,125.01,31256980,120.842098,124.1167143,3.1533,3.1855,1.2936,2.8736,3911081717
4/25/2019,130.06,131.37,128.83,129.15,38033892,121.6333267,125.337,4.0298,4.0298,3.6053,3.6053,4936165283
4/26/2019,129.7,130.5152,129.02,129.89,23654933,122.4196766,126.5338571,0.2881,0.5686,0.2125,0.4261,3070609005
4/29/2019,129.9,130.18,129.35,129.77,16324183,123.1197074,127.6242857,-0.0332,0.0988,-0.156,0.032,2118334814
4/30/2019,129.81,130.7,129.3947,130.6,24166503,123.8321162,128.8078571,-0.4793,-0.2725,-0.4978,-0.48,3147241547
5/1/2019,130.53,130.65,127.7,127.88,26821692,124.2176289,129.3378571,-0.0713,0.1351,-0.19,0.0398,3453114034
5/2/2019,127.98,128,125.52,126.21,27350161,124.4073786,129.5115714,-0.3775,-0.2467,-0.6683,-0.3007,3461892212
5/3/2019,127.36,129.43,127.25,128.9,24911126,124.8352473,130.0347143,-0.3745,0.2312,-0.3957,0.1915,3201743988
5/6/2019,126.39,128.56,126.11,128.15,24239464,125.150938,130.3352857,-0.6527,-0.4065,-0.6534,-0.4466,3093117203
5/7/2019,126.46,127.18,124.22,125.52,36017661,125.1860868,130.0334286,-0.4246,-0.4183,-1.1373,-1.1012,4525258928
5/8/2019,125.44,126.37,124.75,125.51,28418996,125.2169356,129.5848571,-1.0834,-0.5162,-1.1204,-0.5454,3567815488
5/9/2019,124.29,125.79,123.57,125.5,27235835,125.2438942,129.1364286,-0.347,-0.324,-0.5274,-0.3314,3403208369
5/10/2019,124.91,127.93,123.82,127.13,30915084,125.4235233,128.9288571,-0.5165,-0.4718,-0.7116,-0.6221,3904369009
5/13/2019,124.11,125.55,123.04,123.35,33944923,125.2260449,127.9841429,-0.4268,-0.1535,-0.4524,-0.1784,4208491554
5/14/2019,123.87,125.88,123.7,124.73,25266315,125.1788025,127.2714286,0.003,0.316,-0.0292,0.2247,3152478123
5/15/2019,124.26,126.71,123.7,126.02,24722708,125.2589166,126.7177143,-0.6112,-0.0059,-1.131,-0.0059,3102122991
5/16/2019,126.75,129.38,126.46,128.93,30112216,125.6085435,126.7294286,-0.1629,1.5423,-0.1672,-0.0387,3862092450
5/17/2019,128.305,130.46,127.92,128.07,25770539,125.842968,126.6391429,-0.3687,0.2147,-1.3431,-1.3383,3319674932
5/20/2019,126.52,127.5894,125.7607,126.22,23706934,125.8788758,126.1771429,-0.3289,1.4593,-0.6324,1.3445,2999481103
5/21/2019,127.43,127.5273,126.58,126.9,15293260,125.9761257,125.9742857,1.225,1.3003,0.099,0.099,1942281234
5/22/2019,126.62,128.24,126.52,127.67,15396485,126.1374471,125.8505714,-0.4108,1.5992,-0.424,1.586,1962692586
5/23/2019,126.2,126.29,124.74,126.18,23603810,126.1414997,125.8261429,0.2607,0.2607,-1.3513,-1.1358,2967864390
5/24/2019,126.91,127.415,125.97,126.24,14123358,126.1508807,125.9292857,1.1802,2.7699,1.1739,2.1966,1787193260
5/28/2019,126.98,128,126.05,126.16,23128359,126.1517492,126.0577143,-0.9743,0.3261,-1.1841,0.3067,2931211125
5/29/2019,125.38,125.39,124.04,124.94,22763140,126.0363445,126.0941429,0.2994,0.9155,-0.057,0.2284,2840612241
5/30/2019,125.26,125.76,124.78,125.73,16829613,126.0071689,126.0861429,-0.4983,0.3929,-0.8504,-0.5911,2110826161
5/31/2019,124.23,124.615,123.32,123.68,26646769,125.7855337,125.5611429,-0.0048,0.8123,-0.7578,0.2526,3300779687
6/3/2019,123.85,124.37,119.01,119.84,37983637,125.2192924,124.6281429,-2.4544,-2.2455,-3.2023,-2.6623,4598805544
6/4/2019,121.28,123.28,120.6522,123.16,29382642,125.0231693,124.3661429,-1.5932,0.2162,-2.2844,0.2076,3595379565
6/5/2019,124.95,125.87,124.21,125.83,24926140,125.1000103,124.4082857,1.4596,2.864,1.4511,1.9615,3123328429
6/6/2019,126.44,127.97,125.6,127.82,21458961,125.359057,124.8145714,-0.3206,0.319,-1.1591,0.0252,2728077712
6/7/2019,129.19,132.25,128.26,131.4,33885588,125.9343849,125.8517143,0.0541,3.1199,0.0536,3.1083,4426700264
6/10/2019,132.4,134.08,132,132.6,26477098,126.5692054,127.1904286,0.3587,2.9517,0.3538,1.9685,3518629810
6/11/2019,133.88,134.24,131.2757,132.1,23913731,127.0959477,127.9801429,1.446,1.4905,-1.8127,-1.5953,3169491630
6/12/2019,131.4,131.97,130.71,131.49,17092464,127.5144289,128.6695714,-1.1569,-1.1505,-1.8662,-1.5899,2245778845
6/13/2019,131.98,132.67,131.56,132.32,17200848,127.9721023,129.5455714,-0.5824,1.2141,-0.5824,1.072,2273665425
6/14/2019,132.26,133.79,131.64,132.45,17821703,128.3985688,130.6467143,0.989,1.0716,0.6009,1.0543,2363633063
6/17/2019,132.63,133.73,132.53,132.85,14517785,128.8225146,131.6858571,-0.5853,0.7733,-0.7312,0.4295,1931397724
6/18/2019,134.19,135.24,133.57,135.16,25934458,129.4260846,132.9007143,-0.4329,1.5142,-0.4616,1.5009,3492247666
6/19/2019,135,135.93,133.81,135.69,23744441,130.022648,134.1542857,1.66,2.1117,1.6365,1.7958,3208902905
6/20/2019,137.45,137.66,135.72,136.95,33042592,130.6823958,135.5932857,1.678,1.7508,0.8827,1.337,4519455592
6/21/2019,136.58,137.73,136.46,136.97,36727892,131.2812153,136.7544286,0.5511,1.0067,0.4266,0.9715,5033680025
6/24/2019,137,138.4,137,137.78,20628841,131.9001471,137.9178571,-0.338,-0.0391,-0.6835,-0.2773,2841141508
6/25/2019,137.25,137.59,132.73,133.43,33327420,132.0458474,138.1005714,0.1986,0.1986,-2.6694,-2.5812,4485315275
6/26/2019,134.35,135.74,133.6,133.93,23657745,132.2252905,138.1502857,-1.7835,-0.3492,-1.8529,-0.3987,3180152942
6/27/2019,134.14,134.71,133.51,134.15,16557482,132.4085962,138.1914286,-0.4881,-0.454,-1.3072,-0.7461,2220744677
6/28/2019,134.57,134.6,133.1558,133.96,30042969,132.5563489,137.872,0.0165,0.865,0.0095,0.3683,4022911775
7/1/2019,136.63,136.7,134.97,135.68,22654160,132.8538395,137.3411429,0.0477,0.89,-0.1297,0.8425,3076057359
7/2/2019,136.12,136.59,135.34,136.58,15237843,133.2087119,137.0831429,1.8204,1.883,0.3434,0.4448,2074937081
7/3/2019,136.8,137.74,136.295,137.46,13629296,133.6135965,137.0638571,0.2768,1.6551,0.2768,1.4995,1869462386
7/5/2019,135.94,137.33,135.72,137.06,18141140,133.9418254,137.0031429,0.172,0.172,-0.877,-0.877,2479954308
7/8/2019,136.4,137.1,135.3701,136.96,16779748,134.2292706,137.1498571,-0.0249,0.8502,-0.032,0.5009,2290044634
7/9/2019,136,136.97,135.8,136.46,19953097,134.441721,137.2442857,0.4677,1.2691,0.4064,1.2632,2721801962
7/10/2019,137.13,138.58,137.02,137.85,24204362,134.766319,137.4917143,0.1797,0.4145,-1.3175,-1.0625,3335764490
7/11/2019,138.2,139.22,137.87,138.4,22327942,135.1123839,137.6981429,0.4988,2.8142,0.3523,2.5685,3092345541
7/12/2019,138.85,139.13,138.0099,138.9,18936832,135.4731092,137.9817143,2.9781,3.0848,0.1744,0.3934,2626159231
7/15/2019,139.44,139.54,138.46,138.9,16651457,135.7994798,138.1842857,-0.4356,1.3257,-0.5626,1.2417,2313997474
7/16/2019,138.96,139.05,136.52,137.08,22726128,135.9214341,137.9967143,1.0797,1.5404,0.3682,0.3682,3125978906
7/17/2019,137.7,137.93,136.22,136.27,20210956,135.9546308,137.8292857,0.3154,1.0335,0.2771,0.7645,2764993521
7/18/2019,135.55,136.62,134.67,136.42,30808707,135.9989517,137.7268571,-1.844,0.9604,-1.844,0.9579,4187005977
7/19/2019,140.22,140.67,136.45,136.62,48992364,136.0580992,137.7771429,3.9258,3.9436,3.5591,3.5854,6756700227
7/22/2019,137.41,139.19,137.33,138.43,25080760,136.2839945,138.1702857,-0.1158,-0.1091,-0.6024,-0.167,3469087121
7/23/2019,139.76,139.99,138.03,139.29,18034589,136.5702807,138.7832857,-0.0583,0.3947,-0.0583,0.2501,2508671445
7/24/2019,138.9,140.74,138.85,140.72,20738275,136.9654921,139.2052857,0.0608,0.0608,-0.1201,-0.0106,2905501455
7/25/2019,140.43,140.61,139.3215,140.19,18356883,137.2725881,139.4747143,-0.1338,0.2958,-0.248,0.2306,2570707074
7/26/2019,140.37,141.675,140.3,141.34,19037600,137.6599606,139.8902857,-0.0032,0.4912,-0.0152,0.4633,2686300548
7/29/2019,141.5,141.51,139.3663,141.03,16605870,137.9809168,140.1265714,-0.5178,0.053,-0.5959,-0.0005,2335373723
7/30/2019,140.14,141.2199,139.8005,140.35,16846528,138.2065437,140.3075714,-0.3059,-0.1063,-0.7669,-0.7562,2366209414
7/31/2019,140.33,140.49,135.08,136.27,38598786,138.022111,139.7541429,-0.7741,-0.4398,-0.8743,-0.7047,5298841342
8/1/2019,137,140.9383,136.93,138.06,40557502,138.0257195,139.6255714,-0.5403,0.2011,-0.5407,0.1827,5623004286
8/2/2019,138.09,138.32,135.26,136.9,30791624,137.9185081,139.233,0.1939,0.1939,-0.2986,-0.2946,4213115273
8/5/2019,133.3,133.9298,130.78,132.21,42749551,137.3748407,137.9617143,-0.1644,0.3326,-0.1943,0.2139,5656047744
8/6/2019,133.8,135.68,133.21,134.69,32696651,137.1191416,137.1688571,-0.5098,-0.342,-0.5825,-0.3651,4398571470
8/7/2019,133.79,135.65,131.8284,135.28,33414539,136.9439852,136.6498571,-0.6442,-0.2332,-0.7061,-0.3355,4485995421
8/8/2019,136.6,138.99,135.93,138.89,27496508,137.12932,136.893,-0.0343,1.1195,-0.0626,1.0725,3792776658
8/9/2019,138.61,139.38,136.46,137.71,23466701,137.1846228,136.96,0.4747,1.0183,-1.3754,-1.042,3234884733
8/12/2019,137.07,137.86,135.24,135.79,20484348,137.0518016,136.6874286,0.251,1.299,0.2002,0.5987,2791948351
8/13/2019,136.05,138.8,135,138.6,25496593,137.1992491,136.7991429,-1.7653,-0.2284,-2.362,-1.4052,3504931651
8/14/2019,136.36,136.92,133.67,133.98,32527251,136.8926539,135.9501429,-0.2327,0.5352,-1.9276,-0.1345,4386516646
8/15/2019,134.39,134.58,132.25,133.68,28125416,136.5866869,135.0931429,-1.1954,-0.7708,-1.4908,-1.2649,3754836787
8/16/2019,134.88,136.46,134.72,136.13,25026151,136.5431929,134.7502857,0.9742,1.4543,0.5102,0.9471,3397800521
8/19/2019,137.855,138.55,136.885,138.41,24370543,136.720984,135.0188571,0.3859,1.9094,0.3814,1.7617,3361875789
8/20/2019,138.21,138.71,137.24,137.26,21188998,136.7723189,135.1601429,-0.0908,2.5006,-0.3578,2.3351,2918501955
8/21/2019,138.55,139.4935,138,138.79,14982314,136.964479,135.7575714,2.5329,2.8243,1.9893,2.5237,2078963370
8/22/2019,138.66,139.2,136.29,137.78,18709662,137.0421477,136.142,0.4154,0.4154,-1.3805,-1.0986,2577380672
8/23/2019,137.1897,138.35,132.8,133.39,38515386,136.6943241,135.8605714,-0.5859,1.018,-0.5874,0.8326,5193671417
8/26/2019,134.99,135.56,133.9,135.45,20325271,136.575817,136.0442857,-0.8123,0.8416,-0.8123,0.6191,2743301827
8/27/2019,136.39,136.72,134.66,135.74,23115635,136.4962154,136.2935714,1.3848,2.4663,1.0845,2.4298,3136945774
8/28/2019,134.88,135.76,133.55,135.56,17410828,136.407052,136.1672857,2.6859,2.8995,1.9076,2.2508,2349707311
8/29/2019,137.25,138.44,136.91,138.12,20179716,136.5701899,136.7055714,0.4023,2.0042,0.3834,1.6578,2781235725
8/30/2019,139.15,139.18,136.27,137.86,23946123,136.693029,137.0787143,1.7512,1.7512,0.9412,1.0509,3299057366
9/3/2019,136.61,137.2,135.7,136.04,18880773,136.6308357,136.6311429,-0.0105,1.3163,-0.0486,1.2813,2573701104
9/4/2019,137.3,137.69,136.48,137.63,18015310,136.7259942,136.6721429,1.0554,2.4479,0.9521,2.4403,2472901553
9/5/2019,139.11,140.3837,138.76,140.05,26119520,137.0425662,137.1795714,1.0744,1.5943,0.4009,0.4248,3649712744
9/6/2019,140.03,140.18,138.2,139.1,20824504,137.2385123,137.8034286,-0.4957,-0.221,-1.3788,-0.9141,2897937977
9/9/2019,139.59,139.75,136.46,137.52,25773932,137.2653207,138.0128571,-1.3783,0.1413,-1.8132,-0.2464,3554482962
9/10/2019,136.8,136.8862,134.51,136.08,28903378,137.152433,137.7655714,-0.1772,0.2543,-2.0086,-1.7624,3925812878
9/11/2019,135.91,136.27,135.09,136.12,24726117,137.054106,137.8025714,-0.6263,2.4684,-0.6392,2.1783,3358466052
9/12/2019,137.85,138.42,136.87,137.52,27009981,137.0984769,137.673,1.6269,2.3723,1.2105,1.8507,3716663419
9/13/2019,137.78,138.06,136.57,137.32,23363057,137.1195743,137.4257143,0.7403,1.0601,-0.4693,-0.3367,3208137110
9/16/2019,135.83,136.7,135.66,136.33,16731440,137.0443768,137.1875714,-1.8756,-0.3662,-2.0005,-0.3713,2279324071
9/17/2019,136.96,137.52,136.425,137.39,17976285,137.0772933,137.3714286,0.3112,1.7488,0.3087,1.7354,2464758397
9/18/2019,137.36,138.67,136.5299,138.52,24473386,137.2146939,137.6647143,0.5322,1.5052,-0.2991,1.4334,3375042270
9/19/2019,140.3,142.37,140.0736,141.07,36095413,137.5818659,138.5665714,3.6305,3.949,3.5975,3.9017,5095632768
9/20/2019,141.01,141.65,138.25,139.44,40040766,137.7588311,139.0321429,2.0059,2.0734,-0.8822,-0.4238,5596898271
9/23/2019,139.23,139.63,138.44,139.14,17408374,137.890371,138.9792857,0.3407,0.9962,0.3278,0.6403,2420982572
9/24/2019,140.36,140.69,136.88,137.38,30016670,137.8417642,138.7234286,0.6397,0.831,0.1281,0.368,4151805739
9/25/2019,137.5,139.958,136.03,139.36,22544054,137.9863581,138.8367143,-0.7747,-0.7744,-1.6597,-1.1287,3121209247
9/26/2019,139.44,140.18,138.44,139.54,17813512,138.134324,138.9137143,-0.4046,0.9203,-0.4097,0.9173,2482966059
9/27/2019,140.15,140.36,136.645,137.73,22498958,138.0958169,138.8537143,0.1113,0.127,-0.8477,-0.8339,3110368449
9/30/2019,138.05,139.215,137.78,139.03,18430390,138.1847868,139.0147143,-0.4373,0.5379,-0.5992,0.5087,2555834333
10/1/2019,139.66,140.25,137,137.07,22581929,138.0786166,138.613,0.2539,1.3599,0.2454,0.7662,3118714941
10/2/2019,136.25,136.37,133.5799,134.65,32001763,137.7520817,137.9061429,-0.157,-0.064,-0.9184,-0.541,4315970037
10/3/2019,134.95,136.75,133.22,136.28,26379798,137.6118834,137.7865714,-0.42,0.2873,-0.6433,-0.6432,3572264312
10/4/2019,136.75,138.25,136.42,138.12,23839548,137.6602755,137.9675714,-1.0861,-0.3582,-1.2743,-0.3585,3280242340
10/7/2019,137.14,138.18,137.02,137.12,16601284,137.6088207,137.8188571,-0.2241,0.4163,-0.2476,0.4091,2281680473
10/8/2019,137.08,137.76,135.62,135.67,26783336,137.4241711,137.2625714,1.0882,1.1296,0.7083,0.9317,3651907864
10/9/2019,137.46,138.7,136.97,138.24,20178482,137.5018691,137.1934286,0.1966,0.38,-0.2418,-0.0157,2784025162
10/10/2019,138.49,139.6699,138.25,139.1,18396605,137.654072,137.3937143,-0.2274,-0.1752,-0.8944,-0.5393,2557250126
10/11/2019,140.12,141.03,139.5,139.68,25551065,137.8470175,137.6591429,0.2199,1.9525,0.2172,1.6914,3578937675
10/14/2019,139.69,140.29,139.52,139.55,13591639,138.0092063,137.7677143,-0.2249,1.0162,-0.4052,0.7346,1899929910
10/15/2019,140.06,141.79,139.81,141.575,19917762,138.3488057,138.3123571,-0.0112,1.8341,-0.0132,1.6588,2809566311
10/16/2019,140.79,140.99,139.53,140.41,20841687,138.54511,138.6938571,1.0322,1.1231,-0.1537,0.0962,2924297103
10/17/2019,140.95,141.42,139.02,139.69,22102797,138.6541471,139.1696429,-0.0653,0.4536,-0.0863,0.3704,3095349368
10/18/2019,139.76,140,136.56,137.41,32284428,138.5356569,139.0787143,0.196,0.196,-0.7379,-0.3625,4454928220
10/21/2019,138.45,138.5,137.01,138.43,20716039,138.5255943,139.1762143,0.5506,1.498,0.378,1.4967,2858399061
10/22/2019,138.97,140.01,136.26,136.37,27935270,138.3202996,138.7252857,1.6268,2.946,1.5559,2.7589,3842403271
10/23/2019,136.88,137.45,135.61,137.24,31380309,138.217414,138.6483571,1.7534,1.7733,0.5033,1.394,4291780261
10/24/2019,139.39,140.42,138.67,139.94,37278399,138.3814698,139.1211429,3.3308,3.5382,3.3196,3.4227,5206922511
10/25/2019,139.34,141.14,139.2,140.73,25959724,138.6051393,139.5539286,-0.2955,0.4713,-0.4832,0.3821,3643620328
10/28/2019,144.4,145.67,143.51,144.19,35280137,139.1370308,140.7164286,2.1599,2.3287,1.9043,2.2915,5096450991
10/29/2019,144.08,144.5,142.65,142.83,20589469,139.4887422,141.3566429,0.8698,1.0157,-0.1907,-0.1251,2951019960
10/30/2019,143.52,145,142.79,144.61,18496591,139.976481,142.0031429,-0.6998,-0.4773,-1.0341,-0.7383,2665975316
10/31/2019,144.9,144.93,142.99,143.37,24605135,140.2996733,142.4400714,-0.5711,-0.3416,-0.7748,-0.7748,3537316225
11/1/2019,144.26,144.42,142.965,143.72,33128366,140.6254187,143.0247143,-0.8248,-0.443,-1.0209,-0.4432,4760601408
11/4/2019,144.83,145,144.16,144.55,16911999,140.9991883,143.5835,-0.2652,0.3561,-0.2754,0.2113,2444967695
11/5/2019,144.97,145.02,143.905,144.46,18250172,141.3287895,143.8744286,-0.448,0.1066,-0.4486,0.0991,2636450264
11/6/2019,144.37,144.52,143.2,144.06,16575798,141.5889047,144.2225,-0.2294,-0.0856,-0.3841,-0.373,2385699353
11/7/2019,143.84,144.88,143.77,144.26,17786715,141.8432948,144.6105714,-0.4224,-0.1022,-0.5037,-0.2442,2566682264
11/8/2019,143.98,145.99,143.76,145.96,16752939,142.2353619,145.2986429,-0.4536,-0.1217,-0.7608,-0.2242,2433141017
11/11/2019,145.34,146.42,144.73,146.11,14370178,142.6043751,145.9118571,-0.3347,0.0238,-0.5848,-0.251,2094501344
11/12/2019,146.28,147.57,146.06,147.07,18648712,143.0296727,146.8121429,-0.2378,0.4479,-0.3281,0.4394,2739495793
11/13/2019,146.74,147.4625,146.28,147.31,17444230,143.4373229,147.562,-0.3012,0.3549,-0.3629,-0.0733,2564607084
11/14/2019,147.02,148.41,147,148.06,19755100,143.8775779,148.2805714,-0.204,-0.0852,-0.5974,-0.4636,2920264732
11/15/2019,148.93,149.99,148.27,149.97,23508807,144.4578086,149.0062857,0.4381,1.3553,0.2152,1.1817,3512450854
11/18/2019,150.07,150.55,148.98,150.34,21554762,145.0180173,149.7232857,1.33,2.8353,1.2811,2.7685,3232280260
11/19/2019,150.88,151.33,150.195,150.39,23960164,145.5296347,150.0734286,1.2028,2.6816,-0.1677,2.2891,3609319171
11/20/2019,150.31,150.84,148.46,149.62,25720060,145.9191933,150.1672857,1.772,1.8174,-0.6916,0.0305,3848749778
11/21/2019,149.4,149.8,148.501,149.48,18576083,146.2583177,150.3282857,-1.916,-1.8474,-2.8757,-2.3422,2772672341
11/22/2019,150.07,150.3,148.82,149.59,15841680,146.5756208,150.4524286,-1.5047,-0.153,-1.5047,-0.4149,2369440078
11/25/2019,150,151.35,149.92,151.23,22428585,147.018895,151.1005714,0.0836,2.8093,0.073,2.7872,3382978238
11/26/2019,151.36,152.42,151.32,152.03,24635100,147.4961431,151.6607143,2.4902,2.6106,1.8676,2.482,3742646509
11/27/2019,152.33,152.5,151.52,152.32,15201293,147.955558,152.3212857,2.4554,2.8755,2.2452,2.838,2312319349
11/29/2019,152.1,152.3,151.28,151.38,11977300,148.2816954,152.5731429,0.4214,0.9921,-0.2345,-0.2345,1816397469
12/2/2019,151.81,151.83,148.32,149.55,27473616,148.4024863,152.4057143,-0.2109,0.8582,-0.234,0.7814,4118295038
12/3/2019,147.49,149.43,146.65,149.31,25192145,148.4889162,152.1934286,-1.7134,-1.5281,-2.2549,-2.1446,3740109821
12/4/2019,150.14,150.1799,149.2,149.85,17580617,148.6185432,152.0044286,-2.1522,-1.3517,-2.1522,-1.3517,2632579606
12/5/2019,150.05,150.32,149.48,149.93,17880601,148.7434438,151.7132857,0.0405,0.8281,-0.0035,0.6666,2680480896
12/6/2019,150.99,151.87,150.27,151.75,16410400,149.0297825,151.6962857,0.5619,1.6195,0.4185,1.3973,2482838819
12/9/2019,151.07,152.21,150.91,151.36,16741350,149.251708,151.6698571,-1.2245,-0.9267,-1.9036,-1.7822,2536202916
12/10/2019,151.29,151.89,150.765,151.13,16481060,149.430593,151.5385714,-1.7932,-0.4194,-1.8215,-0.4496,2492952604
12/11/2019,151.54,151.87,150.33,151.7,18860001,149.646727,151.5374286,0.2971,0.3006,-1.0514,-0.716,2853518151
12/12/2019,151.65,153.44,151.02,153.24,24645366,149.9889434,151.7801429,-0.4308,0.2635,-0.4625,0.225,3760061339
12/13/2019,153.0035,154.89,152.83,154.53,23850062,150.421425,152.2527143,0.1133,1.0146,0.1032,0.9674,3674897053
12/16/2019,155.11,155.9,154.82,155.53,24152770,150.907956,153.0095714,0.9285,2.1097,0.9155,1.7652,3753743004
12/17/2019,155.45,155.71,154.45,154.69,25443527,151.2681506,153.568,1.3482,2.7654,1.0918,2.7152,3942474509
12/18/2019,154.3,155.48,154.18,154.37,24132379,151.5635649,154.0098571,2.5523,2.9225,2.3958,2.4704,3732715942
12/19/2019,154,155.77,153.75,155.71,25813825,151.9584634,154.5667143,1.1749,1.3792,0.5894,1.3059,4003121935
12/20/2019,157.35,158.49,156.29,157.41,53599613,152.4776574,155.3382857,1.1544,2.3006,0.447,1.9127,8436400421
12/23/2019,158.12,158.12,157.27,157.41,17726283,152.9474043,156.0075714,0.0962,0.4878,0.0218,0.1082,2793662201
12/24/2019,157.48,157.71,157.115,157.38,8989150,153.3695563,156.7235714,-0.7437,0.2281,-0.8026,-0.2387,1414907192
12/26/2019,157.56,158.73,157.4,158.67,14526927,153.8743605,157.6712857,-0.8017,1.5959,-1.3065,1.45,2299128313
12/27/2019,159.45,159.55,158.22,158.96,18414352,154.3587071,158.607,2.1426,2.2143,0.678,0.8278,2926224676
12/30/2019,158.9865,159.02,156.73,157.59,16356720,154.6664493,159.0994286,0.015,0.015,-2.0446,-0.9364,2580763282
12/31/2019,156.77,157.77,156.45,157.7,18393383,154.9553589,159.3405714,-0.0218,0.9525,-0.1387,0.8391,2893401768
1/2/2020,158.78,160.73,158.33,160.62,22634546,155.4948485,159.9835714,-0.3923,1.5477,-0.4365,1.543,3619113008
1/3/2020,158.32,159.945,158.06,158.62,21121681,155.792482,160.1475714,1.1465,1.1465,0.1925,0.4682,3355707069
1/6/2020,157.08,159.1,156.51,159.03,20826702,156.100817,160.2704286,-0.5755,0.6799,-0.5773,0.6713,3295061946
1/7/2020,159.32,159.67,157.32,157.58,21881740,156.2416916,160.176,0.91,1.3272,0.8211,0.962,3461472451
1/8/2020,158.93,160.8,157.9491,160.09,27762026,156.6081971,160.4254286,-0.4864,1.5051,-0.5371,1.5021,4431181181
1/9/2020,161.835,162.215,161.03,162.09,21399951,157.1302736,160.8985714,1.0508,2.5111,1.0139,2.047,3462048406
1/10/2020,162.8235,163.22,161.18,161.34,20733946,157.5311999,161.1328571,1.1574,1.9064,0.9813,1.6654,3357102310
1/13/2020,161.76,163.31,161.26,163.28,21637007,158.0787047,161.7437143,-0.5825,1.937,-0.619,1.3576,3518537955
1/14/2020,163.39,163.6,161.72,162.13,23500783,158.4645423,162.1265714,2.1223,2.5818,1.2039,1.4295,3818485558
1/15/2020,162.62,163.94,162.57,163.18,21417871,158.9136336,162.6958571,-0.0567,-0.0157,-1.4292,-0.9028,3496039083
1/16/2020,164.35,166.24,164.03,166.17,23865360,159.6047161,163.6271429,-1.3167,0.2186,-1.3671,-0.0265,3949239773
1/17/2020,167.42,167.4675,165.43,167.1,34371659,160.3185526,164.5351429,1.6137,1.7628,0.7228,1.1003,5728581190
1/21/2020,166.68,168.19,166.43,166.5,29517191,160.9072619,165.2838571,-0.7861,-0.0135,-0.7861,-0.3285,4930551585
1/22/2020,167.4,167.49,165.68,165.7,24138777,161.3637132,165.8998571,-0.2169,1.2303,-0.2549,1.2208,4014037227
1/23/2020,166.19,166.8,165.27,166.72,19680766,161.8738357,166.5868571,0.9046,1.549,0.2404,0.2618,3272189758
1/24/2020,167.51,167.53,164.45,165.04,24918117,162.1753752,166.8258571,0.5955,0.6051,-0.3957,0.2339,4128267504
1/27/2020,161.15,163.375,160.2,162.28,32078067,162.1853394,166.5718571,-1.7822,-1.772,-2.3547,-1.8824,5195096414
1/28/2020,163.78,165.755,163.073,165.46,24899940,162.4972119,166.8858571,-0.5666,0.9316,-0.5682,0.9207,4102580514
1/29/2020,167.84,168.75,165.69,168.04,35127771,163.0250965,167.4491429,1.1542,1.5453,0.4574,1.3024,5883667457
1/30/2020,174.05,174.05,170.79,172.78,51597470,163.9541349,168.7544286,3.5626,3.5626,3.3128,3.3684,8902627474
1/31/2020,172.21,172.4,169.58,170.23,36142690,164.5518363,169.6627143,1.2621,2.0074,1.2559,1.8108,6170882415
2/3/2020,170.43,174.5,170.4,174.38,30149052,165.4878519,171.0044286,-0.4199,0.019,-0.8202,0.0185,5218599908
2/4/2020,177.14,180.64,176.31,180.12,36433339,166.8813898,173.228,-0.3856,1.429,-0.3947,1.1827,6522417792
2/5/2020,184.03,184.2,178.4101,179.9,39186324,168.1212575,174.9644286,0.6307,0.8771,-0.9301,0.8771,7086325517
2/6/2020,180.97,183.8199,180.059,183.63,27751381,169.5982806,177.3257143,0.2556,0.7724,0.0676,0.2816,5064709362
2/7/2020,182.845,185.63,182.48,183.89,33529074,170.9593967,179.599,-0.0158,0.4675,-0.2102,-0.0629,6169349616
2/10/2020,183.58,188.84,183.25,188.7,35844267,172.648978,182.3791429,-0.325,1.0561,-0.3392,0.8348,6700368830
2/11/2020,190.65,190.7,183.5,184.44,53159906,173.7719324,184.1712857,0.8539,1.2595,0.1234,0.32,9899083296
2/12/2020,185.58,185.85,181.85,184.71,47062921,174.8136532,185.5962857,0.0487,0.0785,-0.8449,0.0501,8666009397
2/13/2020,183.08,186.23,182.872,183.71,35295834,175.6609243,186.618,-0.0873,0.8804,-0.2889,-0.1713,6503986862
2/14/2020,183.25,185.41,182.65,185.35,23149516,176.5836934,187.95,-0.1346,-0.0693,-0.6631,-0.3315,4270391217
2/18/2020,185.605,187.7,185.5,187.23,27853113,177.5976274,189.4501429,-0.3963,-0.2292,-0.8146,-0.4665,5203240040
2/19/2020,188.06,188.18,186.47,187.28,29997471,178.5197581,190.612,-1.0839,2.9749,-1.1973,2.9677,5618826293
2/20/2020,186.95,187.25,181.1,184.42,36862376,179.0816859,190.8658571,2.4391,2.6977,0.5716,0.8557,6792138527
2/21/2020,183.17,183.5,177.25,178.59,48600385,179.0348587,189.8715714,-0.3531,0.2104,-1.1204,-1.1201,8737377215
2/24/2020,167.77,174.55,163.23,170.89,68311066,178.2591578,187.1097143,-1.602,-0.4425,-1.602,-0.7684,11582596647
2/25/2020,174.2,174.84,167.6462,168.07,68073295,177.2887619,183.4645714,-0.1772,0.842,-0.8515,0.7457,11585080939
2/26/2020,169.71,173.26,168.21,170.17,56387148,176.6107845,180.4447143,0.9648,1.5238,0.9272,1.2175,9616640134
2/27/2020,163.32,167.03,157.98,158.18,93174906,174.8554717,175.3888571,-2.98,-2.8938,-3.2141,-3.197,15007060943
2/28/2020,152.41,163.71,152,162.01,97073557,173.6320935,171.6591429,-1.4799,1.5325,-1.6389,1.3905,15457993217
3/2/2020,165.31,172.92,162.31,172.79,70862206,173.5518941,169.8302857,0.2734,1.5125,0.2698,1.5093,11999805964
